name,link,image_url
Victoria's Secret After Midnight Aphrodisiac Pulse Point fe,https://www.fragrantica.com/perfume/Victoria-s-Secret/After-Midnight-Aphrodisiac-Pulse-Point-21384.html,https://fimgs.net/mdimg/perfume-thumbs/375x500.21384.jpg
Victoria's Secret Afternoon Light fe,https://www.fragrantica.com/perfume/Victoria-s-Secret/Afternoon-Light-115109.html,https://fimgs.net/mdimg/perfume-thumbs/375x500.115109.jpg
Victoria's Secret Amber Romance Brulee,https://www.fragrantica.com/perfume/Victoria-s-Secret/Amber-Romance-Brulee-111825.html,https://fimgs.net/mdimg/perfume-thumbs/375x500.111825.jpg
Victoria's Secret Angels Only fe,https://www.fragrantica.com/perfume/Victoria-s-Secret/Angels-Only-24876.html,https://fimgs.net/mdimg/perfume-thumbs/375x500.24876.jpg
Victoria's Secret Apple Crisp,https://www.fragrantica.com/perfume/Victoria-s-Secret/Apple-Crisp-111488.html,https://fimgs.net/mdimg/perfume-thumbs/375x500.111488.jpg
Victoria's Secret Bare Sueded Vanilla,https://www.fragrantica.com/perfume/Victoria-s-Secret/Bare-Sueded-Vanilla-121293.html,https://fimgs.net/mdimg/perfume-thumbs/375x500.121293.jpg
Victoria's Secret Bare Vanilla Brulee fe,https://www.fragrantica.com/perfume/Victoria-s-Secret/Bare-Vanilla-Brulee-111842.html,https://fimgs.net/mdimg/perfume-thumbs/375x500.111842.jpg
Victoria's Secret Bare Vanilla Intense Body Mist,https://www.fragrantica.com/perfume/Victoria-s-Secret/Bare-Vanilla-Intense-Body-Mist-120607.html,https://fimgs.net/mdimg/perfume-thumbs/375x500.120607.jpg
Victoria's Secret Bare Vanilla Starlit,https://www.fragrantica.com/perfume/Victoria-s-Secret/Bare-Vanilla-Starlit-100363.html,https://fimgs.net/mdimg/perfume-thumbs/375x500.100363.jpg
Victoria's Secret Basic Instinct fe,https://www.fragrantica.com/perfume/Victoria-s-Secret/Basic-Instinct-3275.html,https://fimgs.net/mdimg/perfume-thumbs/375x500.3275.jpg
Victoria's Secret Biscotti Delight fe,https://www.fragrantica.com/perfume/Victoria-s-Secret/Biscotti-Delight-119727.html,https://fimgs.net/mdimg/perfume-thumbs/375x500.119727.jpg
Victoria's Secret Body by Victoria 2002 fe,https://www.fragrantica.com/perfume/Victoria-s-Secret/Body-by-Victoria-2002-3276.html,https://fimgs.net/mdimg/perfume-thumbs/375x500.3276.jpg
Victoria's Secret Body by Victoria 2012 fe,https://www.fragrantica.com/perfume/Victoria-s-Secret/Body-by-Victoria-2012-15757.html,https://fimgs.net/mdimg/perfume-thumbs/375x500.15757.jpg
Victoria's Secret Body by Victoria 2014 fe,https://www.fragrantica.com/perfume/Victoria-s-Secret/Body-by-Victoria-2014-23672.html,https://fimgs.net/mdimg/perfume-thumbs/375x500.23672.jpg
Victoria's Secret Breathless fe,https://www.fragrantica.com/perfume/Victoria-s-Secret/Breathless-3277.html,https://fimgs.net/mdimg/perfume-thumbs/375x500.3277.jpg
Victoria's Secret Brown Sugar fe,https://www.fragrantica.com/perfume/Victoria-s-Secret/Brown-Sugar-111491.html,https://fimgs.net/mdimg/perfume-thumbs/375x500.111491.jpg
Victoria's Secret Buttery Sugary,https://www.fragrantica.com/perfume/Victoria-s-Secret/Buttery-Sugary-111184.html,https://fimgs.net/mdimg/perfume-thumbs/375x500.111184.jpg
Victoria's Secret Capri Lemon Leaves female,https://www.fragrantica.com/perfume/Victoria-s-Secret/Capri-Lemon-Leaves-116440.html,https://fimgs.net/mdimg/perfume-thumbs/375x500.116440.jpg
Victoria's Secret Cashmere Fleur fe,https://www.fragrantica.com/perfume/Victoria-s-Secret/Cashmere-Fleur-111492.html,https://fimgs.net/mdimg/perfume-thumbs/375x500.111492.jpg
Victoria's Secret Cashmere Orchid fe,https://www.fragrantica.com/perfume/Victoria-s-Secret/Cashmere-Orchid-115110.html,https://fimgs.net/mdimg/perfume-thumbs/375x500.115110.jpg
Victoria's Secret Charming Rose fe,https://www.fragrantica.com/perfume/Victoria-s-Secret/Charming-Rose-115111.html,https://fimgs.net/mdimg/perfume-thumbs/375x500.115111.jpg
Victoria's Secret Cherry Bite fe,https://www.fragrantica.com/perfume/Victoria-s-Secret/Cherry-Bite-114921.html,https://fimgs.net/mdimg/perfume-thumbs/375x500.114921.jpg
Victoria's Secret Cherry Cola Hair and Body Mist,https://www.fragrantica.com/perfume/Victoria-s-Secret/Cherry-Cola-Hair-and-Body-Mist-117931.html,https://fimgs.net/mdimg/perfume-thumbs/375x500.117931.jpg
Victoria's Secret Cherry Desire,https://www.fragrantica.com/perfume/Victoria-s-Secret/Cherry-Desire-111242.html,https://fimgs.net/mdimg/perfume-thumbs/375x500.111242.jpg
Victoria's Secret Cherry Milkshake fe,https://www.fragrantica.com/perfume/Victoria-s-Secret/Cherry-Milkshake-114920.html,https://fimgs.net/mdimg/perfume-thumbs/375x500.114920.jpg
Victoria's Secret Chrome Peony fe,https://www.fragrantica.com/perfume/Victoria-s-Secret/Chrome-Peony-106161.html,https://fimgs.net/mdimg/perfume-thumbs/375x500.106161.jpg
Victoria's Secret Cinn-a-Drizzle,https://www.fragrantica.com/perfume/Victoria-s-Secret/Cinn-a-Drizzle-111487.html,https://fimgs.net/mdimg/perfume-thumbs/375x500.111487.jpg
Victoria's Secret Cloud Blush fe,https://www.fragrantica.com/perfume/Victoria-s-Secret/Cloud-Blush-114707.html,https://fimgs.net/mdimg/perfume-thumbs/375x500.114707.jpg
Victoria's Secret Coconut Cream fe,https://www.fragrantica.com/perfume/Victoria-s-Secret/Coconut-Cream-119726.html,https://fimgs.net/mdimg/perfume-thumbs/375x500.119726.jpg
Victoria's Secret Coconut Passion Brulee fe,https://www.fragrantica.com/perfume/Victoria-s-Secret/Coconut-Passion-Brulee-111823.html,https://fimgs.net/mdimg/perfume-thumbs/375x500.111823.jpg
Victoria's Secret Cool & Bright Crème fe,https://www.fragrantica.com/perfume/Victoria-s-Secret/Cool-Bright-Creme-117765.html,https://fimgs.net/mdimg/perfume-thumbs/375x500.117765.jpg
Victoria's Secret Cozy Vanilla Cashmere fe,https://www.fragrantica.com/perfume/Victoria-s-Secret/Cozy-Vanilla-Cashmere-110840.html,https://fimgs.net/mdimg/perfume-thumbs/375x500.110840.jpg
Victoria's Secret Crisp Yuzu Orchid fe,https://www.fragrantica.com/perfume/Victoria-s-Secret/Crisp-Yuzu-Orchid-107064.html,https://fimgs.net/mdimg/perfume-thumbs/375x500.107064.jpg
Victoria's Secret Crush fe,https://www.fragrantica.com/perfume/Victoria-s-Secret/Crush-40201.html,https://fimgs.net/mdimg/perfume-thumbs/375x500.40201.jpg
Victoria's Secret Decadent Plum fe,https://www.fragrantica.com/perfume/Victoria-s-Secret/Decadent-Plum-111241.html,https://fimgs.net/mdimg/perfume-thumbs/375x500.111241.jpg
Victoria's Secret Dewy Dragonfruit Nectar fe,https://www.fragrantica.com/perfume/Victoria-s-Secret/Dewy-Dragonfruit-Nectar-107062.html,https://fimgs.net/mdimg/perfume-thumbs/375x500.107062.jpg
Victoria's Secret Dream Angel Eau de Parfum 2019 fe,https://www.fragrantica.com/perfume/Victoria-s-Secret/Dream-Angel-Eau-de-Parfum-2019-57377.html,https://fimgs.net/mdimg/perfume-thumbs/375x500.57377.jpg
Victoria's Secret Dreamy Apple Orchard,https://www.fragrantica.com/perfume/Victoria-s-Secret/Dreamy-Apple-Orchard-110842.html,https://fimgs.net/mdimg/perfume-thumbs/375x500.110842.jpg
Victoria's Secret Dreamy Petals fe,https://www.fragrantica.com/perfume/Victoria-s-Secret/Dreamy-Petals-115112.html,https://fimgs.net/mdimg/perfume-thumbs/375x500.115112.jpg
Victoria's Secret Exotic Bloom fe,https://www.fragrantica.com/perfume/Victoria-s-Secret/Exotic-Bloom-14363.html,https://fimgs.net/mdimg/perfume-thumbs/375x500.14363.jpg
Victoria's Secret Fabulous fe,https://www.fragrantica.com/perfume/Victoria-s-Secret/Fabulous-17699.html,https://fimgs.net/mdimg/perfume-thumbs/375x500.17699.jpg
Victoria's Secret Fabulous (2015) fe,https://www.fragrantica.com/perfume/Victoria-s-Secret/Fabulous-2015-31110.html,https://fimgs.net/mdimg/perfume-thumbs/375x500.31110.jpg
Victoria's Secret Fearless fe,https://www.fragrantica.com/perfume/Victoria-s-Secret/Fearless-27505.html,https://fimgs.net/mdimg/perfume-thumbs/375x500.27505.jpg
Victoria's Secret Festive Fizz fe,https://www.fragrantica.com/perfume/Victoria-s-Secret/Festive-Fizz-117353.html,https://fimgs.net/mdimg/perfume-thumbs/375x500.117353.jpg
Victoria's Secret Forbidden Cherry fe,https://www.fragrantica.com/perfume/Victoria-s-Secret/Forbidden-Cherry-114922.html,https://fimgs.net/mdimg/perfume-thumbs/375x500.114922.jpg
Victoria's Secret Forever Sexy fe,https://www.fragrantica.com/perfume/Victoria-s-Secret/Forever-Sexy-31890.html,https://fimgs.net/mdimg/perfume-thumbs/375x500.31890.jpg
Victoria's Secret Gilded Vanilla fe,https://www.fragrantica.com/perfume/Victoria-s-Secret/Gilded-Vanilla-106162.html,https://fimgs.net/mdimg/perfume-thumbs/375x500.106162.jpg
Victoria's Secret Glam Goddess fe,https://www.fragrantica.com/perfume/Victoria-s-Secret/Glam-Goddess-14361.html,https://fimgs.net/mdimg/perfume-thumbs/375x500.14361.jpg
Victoria's Secret Glamour fe,https://www.fragrantica.com/perfume/Victoria-s-Secret/Glamour-22855.html,https://fimgs.net/mdimg/perfume-thumbs/375x500.22855.jpg
Victoria's Secret Good Ghoul,https://www.fragrantica.com/perfume/Victoria-s-Secret/Good-Ghoul-111185.html,https://fimgs.net/mdimg/perfume-thumbs/375x500.111185.jpg
Victoria's Secret Gorgeous fe,https://www.fragrantica.com/perfume/Victoria-s-Secret/Gorgeous-13528.html,https://fimgs.net/mdimg/perfume-thumbs/375x500.13528.jpg
Victoria's Secret Haunt Mess,https://www.fragrantica.com/perfume/Victoria-s-Secret/Haunt-Mess-111490.html,https://fimgs.net/mdimg/perfume-thumbs/375x500.111490.jpg
Victoria's Secret Heavenly Dream Angel fe,https://www.fragrantica.com/perfume/Victoria-s-Secret/Heavenly-Dream-Angel-80509.html,https://fimgs.net/mdimg/perfume-thumbs/375x500.80509.jpg
Victoria's Secret Heavenly Eau de Parfum fe,https://www.fragrantica.com/perfume/Victoria-s-Secret/Heavenly-Eau-de-Parfum-24877.html,https://fimgs.net/mdimg/perfume-thumbs/375x500.24877.jpg
Victoria's Secret Heavenly Eau de Parfum 2019 fe,https://www.fragrantica.com/perfume/Victoria-s-Secret/Heavenly-Eau-de-Parfum-2019-57376.html,https://fimgs.net/mdimg/perfume-thumbs/375x500.57376.jpg
Victoria's Secret Heavenly Eau de Parfum 2023 fe,https://www.fragrantica.com/perfume/Victoria-s-Secret/Heavenly-Eau-de-Parfum-2023-80476.html,https://fimgs.net/mdimg/perfume-thumbs/375x500.80476.jpg
Victoria's Secret Incredible fe,https://www.fragrantica.com/perfume/Victoria-s-Secret/Incredible-11645.html,https://fimgs.net/mdimg/perfume-thumbs/375x500.11645.jpg
Victoria's Secret Incredible Daring fe,https://www.fragrantica.com/perfume/Victoria-s-Secret/Incredible-Daring-14358.html,https://fimgs.net/mdimg/perfume-thumbs/375x500.14358.jpg
Victoria's Secret Intense fe,https://www.fragrantica.com/perfume/Victoria-s-Secret/Intense-40940.html,https://fimgs.net/mdimg/perfume-thumbs/375x500.40940.jpg
Victoria's Secret London fe,https://www.fragrantica.com/perfume/Victoria-s-Secret/London-15957.html,https://fimgs.net/mdimg/perfume-thumbs/375x500.15957.jpg
Victoria's Secret Love Bitten fe,https://www.fragrantica.com/perfume/Victoria-s-Secret/Love-Bitten-14360.html,https://fimgs.net/mdimg/perfume-thumbs/375x500.14360.jpg
Victoria's Secret Love is Heavenly fe,https://www.fragrantica.com/perfume/Victoria-s-Secret/Love-is-Heavenly-14931.html,https://fimgs.net/mdimg/perfume-thumbs/375x500.14931.jpg
Victoria's Secret Love is Heavenly (2016) fe,https://www.fragrantica.com/perfume/Victoria-s-Secret/Love-is-Heavenly-2016-39089.html,https://fimgs.net/mdimg/perfume-thumbs/375x500.39089.jpg
Victoria's Secret Love Rocks fe,https://www.fragrantica.com/perfume/Victoria-s-Secret/Love-Rocks-7496.html,https://fimgs.net/mdimg/perfume-thumbs/375x500.7496.jpg
Victoria's Secret Love Spell Brulee,https://www.fragrantica.com/perfume/Victoria-s-Secret/Love-Spell-Brulee-111844.html,https://fimgs.net/mdimg/perfume-thumbs/375x500.111844.jpg
Victoria's Secret Lush Starfruit Lotus fe,https://www.fragrantica.com/perfume/Victoria-s-Secret/Lush-Starfruit-Lotus-107065.html,https://fimgs.net/mdimg/perfume-thumbs/375x500.107065.jpg
Victoria's Secret Mango Smash fe,https://www.fragrantica.com/perfume/Victoria-s-Secret/Mango-Smash-116437.html,https://fimgs.net/mdimg/perfume-thumbs/375x500.116437.jpg
Victoria's Secret Merry Delights fe,https://www.fragrantica.com/perfume/Victoria-s-Secret/Merry-Delights-117351.html,https://fimgs.net/mdimg/perfume-thumbs/375x500.117351.jpg
Victoria's Secret Midnight Magic fe,https://www.fragrantica.com/perfume/Victoria-s-Secret/Midnight-Magic-117352.html,https://fimgs.net/mdimg/perfume-thumbs/375x500.117352.jpg
Victoria's Secret Mirrored Pom fe,https://www.fragrantica.com/perfume/Victoria-s-Secret/Mirrored-Pom-106164.html,https://fimgs.net/mdimg/perfume-thumbs/375x500.106164.jpg
Victoria's Secret Misted Magnolia Melon fe,https://www.fragrantica.com/perfume/Victoria-s-Secret/Misted-Magnolia-Melon-107063.html,https://fimgs.net/mdimg/perfume-thumbs/375x500.107063.jpg
Victoria's Secret Naughty Spice fe,https://www.fragrantica.com/perfume/Victoria-s-Secret/Naughty-Spice-117354.html,https://fimgs.net/mdimg/perfume-thumbs/375x500.117354.jpg
Victoria's Secret Night fe,https://www.fragrantica.com/perfume/Victoria-s-Secret/Night-21383.html,https://fimgs.net/mdimg/perfume-thumbs/375x500.21383.jpg
Victoria's Secret Passionate Kisses fe,https://www.fragrantica.com/perfume/Victoria-s-Secret/Passionate-Kisses-9321.html,https://fimgs.net/mdimg/perfume-thumbs/375x500.9321.jpg
"Victoria's Secret Peace, Love, Hope fe",https://www.fragrantica.com/perfume/Victoria-s-Secret/Peace-Love-Hope-7521.html,https://fimgs.net/mdimg/perfume-thumbs/375x500.7521.jpg
Victoria's Secret Peach Hyacinth fe,https://www.fragrantica.com/perfume/Victoria-s-Secret/Peach-Hyacinth-56832.html,https://fimgs.net/mdimg/perfume-thumbs/375x500.56832.jpg
Victoria's Secret Pink Apple Hair and Body Mist,https://www.fragrantica.com/perfume/Victoria-s-Secret/Pink-Apple-Hair-and-Body-Mist-117925.html,https://fimgs.net/mdimg/perfume-thumbs/375x500.117925.jpg
Victoria's Secret Pink Candy Hair and Body Mist unisex,https://www.fragrantica.com/perfume/Victoria-s-Secret/Pink-Candy-Hair-and-Body-Mist-117928.html,https://fimgs.net/mdimg/perfume-thumbs/375x500.117928.jpg
Victoria's Secret Pink Vanilla & Dreamy Body Mist fe,https://www.fragrantica.com/perfume/Victoria-s-Secret/Pink-Vanilla-Dreamy-Body-Mist-117763.html,https://fimgs.net/mdimg/perfume-thumbs/375x500.117763.jpg
Victoria's Secret Platinum Berries fe,https://www.fragrantica.com/perfume/Victoria-s-Secret/Platinum-Berries-106163.html,https://fimgs.net/mdimg/perfume-thumbs/375x500.106163.jpg
Victoria's Secret Poolside Service fe,https://www.fragrantica.com/perfume/Victoria-s-Secret/Poolside-Service-106509.html,https://fimgs.net/mdimg/perfume-thumbs/375x500.106509.jpg
Victoria's Secret Pure Seduction Brulee fe,https://www.fragrantica.com/perfume/Victoria-s-Secret/Pure-Seduction-Brulee-111846.html,https://fimgs.net/mdimg/perfume-thumbs/375x500.111846.jpg
Victoria's Secret Pure Seduction Intense,https://www.fragrantica.com/perfume/Victoria-s-Secret/Pure-Seduction-Intense-120608.html,https://fimgs.net/mdimg/perfume-thumbs/375x500.120608.jpg
Victoria's Secret Rapture fe,https://www.fragrantica.com/perfume/Victoria-s-Secret/Rapture-1994.html,https://fimgs.net/mdimg/perfume-thumbs/375x500.1994.jpg
Victoria's Secret Rich Honey Hair and Body Mist,https://www.fragrantica.com/perfume/Victoria-s-Secret/Rich-Honey-Hair-and-Body-Mist-117926.html,https://fimgs.net/mdimg/perfume-thumbs/375x500.117926.jpg
Victoria's Secret Riviera Romance fe,https://www.fragrantica.com/perfume/Victoria-s-Secret/Riviera-Romance-109396.html,https://fimgs.net/mdimg/perfume-thumbs/375x500.109396.jpg
Victoria's Secret Rose Lychee fe,https://www.fragrantica.com/perfume/Victoria-s-Secret/Rose-Lychee-90607.html,https://fimgs.net/mdimg/perfume-thumbs/375x500.90607.jpg
Victoria's Secret Salty Caramel Hair and Body Mist,https://www.fragrantica.com/perfume/Victoria-s-Secret/Salty-Caramel-Hair-and-Body-Mist-117930.html,https://fimgs.net/mdimg/perfume-thumbs/375x500.117930.jpg
Victoria's Secret Santal Blossom fe,https://www.fragrantica.com/perfume/Victoria-s-Secret/Santal-Blossom-115113.html,https://fimgs.net/mdimg/perfume-thumbs/375x500.115113.jpg
Victoria's Secret Sexual Star fe,https://www.fragrantica.com/perfume/Victoria-s-Secret/Sexual-Star-5570.html,https://fimgs.net/mdimg/perfume-thumbs/375x500.5570.jpg
Victoria's Secret Siren Serenade fe,https://www.fragrantica.com/perfume/Victoria-s-Secret/Siren-Serenade-121854.html,https://fimgs.net/mdimg/perfume-thumbs/375x500.121854.jpg
Victoria's Secret Snowdrift fe,https://www.fragrantica.com/perfume/Victoria-s-Secret/Snowdrift-87407.html,https://fimgs.net/mdimg/perfume-thumbs/375x500.87407.jpg
Victoria's Secret So In Love fe,https://www.fragrantica.com/perfume/Victoria-s-Secret/So-In-Love-3286.html,https://fimgs.net/mdimg/perfume-thumbs/375x500.3286.jpg
Victoria's Secret Soft & Dreamy fe,https://www.fragrantica.com/perfume/Victoria-s-Secret/Soft-Dreamy-63112.html,https://fimgs.net/mdimg/perfume-thumbs/375x500.63112.jpg
Victoria's Secret Sparkling Blooms fe,https://www.fragrantica.com/perfume/Victoria-s-Secret/Sparkling-Blooms-115114.html,https://fimgs.net/mdimg/perfume-thumbs/375x500.115114.jpg
Victoria's Secret Strawberry Dip fe,https://www.fragrantica.com/perfume/Victoria-s-Secret/Strawberry-Dip-106510.html,https://fimgs.net/mdimg/perfume-thumbs/375x500.106510.jpg
Victoria's Secret Sugar Plum Fig fe,https://www.fragrantica.com/perfume/Victoria-s-Secret/Sugar-Plum-Fig-117927.html,https://fimgs.net/mdimg/perfume-thumbs/375x500.117927.jpg
Victoria's Secret Sultry Petals,https://www.fragrantica.com/perfume/Victoria-s-Secret/Sultry-Petals-111243.html,https://fimgs.net/mdimg/perfume-thumbs/375x500.111243.jpg
Victoria's Secret Sunlit Nectar fe,https://www.fragrantica.com/perfume/Victoria-s-Secret/Sunlit-Nectar-115115.html,https://fimgs.net/mdimg/perfume-thumbs/375x500.115115.jpg
Victoria's Secret Sunslope fe,https://www.fragrantica.com/perfume/Victoria-s-Secret/Sunslope-87405.html,https://fimgs.net/mdimg/perfume-thumbs/375x500.87405.jpg
Victoria's Secret Supermodel fe,https://www.fragrantica.com/perfume/Victoria-s-Secret/Supermodel-1727.html,https://fimgs.net/mdimg/perfume-thumbs/375x500.1727.jpg
Victoria's Secret Sweet Golden Blooms,https://www.fragrantica.com/perfume/Victoria-s-Secret/Sweet-Golden-Blooms-110839.html,https://fimgs.net/mdimg/perfume-thumbs/375x500.110839.jpg
Victoria's Secret Tease Cocoa Soirée fe,https://www.fragrantica.com/perfume/Victoria-s-Secret/Tease-Cocoa-Soiree-84372.html,https://fimgs.net/mdimg/perfume-thumbs/375x500.84372.jpg
Victoria's Secret Toasted Amber fe,https://www.fragrantica.com/perfume/Victoria-s-Secret/Toasted-Amber-114927.html,https://fimgs.net/mdimg/perfume-thumbs/375x500.114927.jpg
Victoria's Secret Twilight Amber Berry,https://www.fragrantica.com/perfume/Victoria-s-Secret/Twilight-Amber-Berry-110841.html,https://fimgs.net/mdimg/perfume-thumbs/375x500.110841.jpg
Victoria's Secret Vanilla Rebel unisex,https://www.fragrantica.com/perfume/Victoria-s-Secret/Vanilla-Rebel-111183.html,https://fimgs.net/mdimg/perfume-thumbs/375x500.111183.jpg
Victoria's Secret Vanilla Sundae fe,https://www.fragrantica.com/perfume/Victoria-s-Secret/Vanilla-Sundae-109394.html,https://fimgs.net/mdimg/perfume-thumbs/375x500.109394.jpg
Victoria's Secret Vanilla Swirl unisex,https://www.fragrantica.com/perfume/Victoria-s-Secret/Vanilla-Swirl-116439.html,https://fimgs.net/mdimg/perfume-thumbs/375x500.116439.jpg
Victoria's Secret Velvet Petals Brulee,https://www.fragrantica.com/perfume/Victoria-s-Secret/Velvet-Petals-Brulee-111845.html,https://fimgs.net/mdimg/perfume-thumbs/375x500.111845.jpg
Victoria's Secret Velvet Petals Daydream fe,https://www.fragrantica.com/perfume/Victoria-s-Secret/Velvet-Petals-Daydream-96486.html,https://fimgs.net/mdimg/perfume-thumbs/375x500.96486.jpg
Victoria's Secret Velvet Petals Starlit,https://www.fragrantica.com/perfume/Victoria-s-Secret/Velvet-Petals-Starlit-100367.html,https://fimgs.net/mdimg/perfume-thumbs/375x500.100367.jpg
Victoria's Secret Vertical,https://www.fragrantica.com/perfume/Victoria-s-Secret/Vertical-6431.html,https://fimgs.net/mdimg/perfume-thumbs/375x500.6431.jpg
Victoria's Secret Victoria fe,https://www.fragrantica.com/perfume/Victoria-s-Secret/Victoria-18842.html,https://fimgs.net/mdimg/perfume-thumbs/375x500.18842.jpg
Victoria's Secret Victoria Eau de Cologne fe,https://www.fragrantica.com/perfume/Victoria-s-Secret/Victoria-Eau-de-Cologne-48818.html,https://fimgs.net/mdimg/perfume-thumbs/375x500.48818.jpg
Victoria's Secret Victoria's Secret Angel Italian Bergamot fe,https://www.fragrantica.com/perfume/Victoria-s-Secret/Victoria-s-Secret-Angel-Italian-Bergamot-18108.html,https://fimgs.net/mdimg/perfume-thumbs/375x500.18108.jpg
Victoria's Secret Victoria's Secret Forbidden fe,https://www.fragrantica.com/perfume/Victoria-s-Secret/Victoria-s-Secret-Forbidden-23244.html,https://fimgs.net/mdimg/perfume-thumbs/375x500.23244.jpg
Victoria's Secret Victoria's Secret Heavenly Summer (2015) fe,https://www.fragrantica.com/perfume/Victoria-s-Secret/Victoria-s-Secret-Heavenly-Summer-2015-31109.html,https://fimgs.net/mdimg/perfume-thumbs/375x500.31109.jpg
Victoria's Secret Victoria's Secret Simply Gorgeous fe,https://www.fragrantica.com/perfume/Victoria-s-Secret/Victoria-s-Secret-Simply-Gorgeous-14273.html,https://fimgs.net/mdimg/perfume-thumbs/375x500.14273.jpg
Victoria's Secret Victoria’s Secret Angel fe,https://www.fragrantica.com/perfume/Victoria-s-Secret/Victoria-s-Secret-Angel-15219.html,https://fimgs.net/mdimg/perfume-thumbs/375x500.15219.jpg
Victoria's Secret Victoria’s Secret Angel Dream fe,https://www.fragrantica.com/perfume/Victoria-s-Secret/Victoria-s-Secret-Angel-Dream-21937.html,https://fimgs.net/mdimg/perfume-thumbs/375x500.21937.jpg
Victoria's Secret Victoria’s Secret Angel Gold fe,https://www.fragrantica.com/perfume/Victoria-s-Secret/Victoria-s-Secret-Angel-Gold-16930.html,https://fimgs.net/mdimg/perfume-thumbs/375x500.16930.jpg
Victoria's Secret Victoria’s Secret Beach Angel fe,https://www.fragrantica.com/perfume/Victoria-s-Secret/Victoria-s-Secret-Beach-Angel-15218.html,https://fimgs.net/mdimg/perfume-thumbs/375x500.15218.jpg
Victoria's Secret Victoria’s Secret Paris fe,https://www.fragrantica.com/perfume/Victoria-s-Secret/Victoria-s-Secret-Paris-42343.html,https://fimgs.net/mdimg/perfume-thumbs/375x500.42343.jpg
Victoria's Secret Vixen fe,https://www.fragrantica.com/perfume/Victoria-s-Secret/Vixen-11739.html,https://fimgs.net/mdimg/perfume-thumbs/375x500.11739.jpg
Victoria's Secret Warm & Cozy fe,https://www.fragrantica.com/perfume/Victoria-s-Secret/Warm-Cozy-117762.html,https://fimgs.net/mdimg/perfume-thumbs/375x500.117762.jpg
Victoria's Secret Warm & Cozy Sun Daze female,https://www.fragrantica.com/perfume/Victoria-s-Secret/Warm-Cozy-Sun-Daze-116438.html,https://fimgs.net/mdimg/perfume-thumbs/375x500.116438.jpg
Victoria's Secret Wicked Eau de Parfum fe,https://www.fragrantica.com/perfume/Victoria-s-Secret/Wicked-Eau-de-Parfum-46141.html,https://fimgs.net/mdimg/perfume-thumbs/375x500.46141.jpg
Victoria's Secret Wild One fe,https://www.fragrantica.com/perfume/Victoria-s-Secret/Wild-One-14362.html,https://fimgs.net/mdimg/perfume-thumbs/375x500.14362.jpg
Victoria's Secret Wild Willow fe,https://www.fragrantica.com/perfume/Victoria-s-Secret/Wild-Willow-115116.html,https://fimgs.net/mdimg/perfume-thumbs/375x500.115116.jpg
Victoria's Secret XO Victoria fe,https://www.fragrantica.com/perfume/Victoria-s-Secret/XO-Victoria-35869.html,https://fimgs.net/mdimg/perfume-thumbs/375x500.35869.jpg
Victoria's Secret Falling Water fe,https://www.fragrantica.com/perfume/Victoria-s-Secret/Falling-Water-70477.html,https://fimgs.net/mdimg/perfume-thumbs/375x500.70477.jpg
Victoria's Secret Floating Neroli fe,https://www.fragrantica.com/perfume/Victoria-s-Secret/Floating-Neroli-70478.html,https://fimgs.net/mdimg/perfume-thumbs/375x500.70478.jpg
Victoria's Secret Liquid Coconut fe,https://www.fragrantica.com/perfume/Victoria-s-Secret/Liquid-Coconut-70476.html,https://fimgs.net/mdimg/perfume-thumbs/375x500.70476.jpg
Victoria's Secret Nectar Wave fe,https://www.fragrantica.com/perfume/Victoria-s-Secret/Nectar-Wave-70475.html,https://fimgs.net/mdimg/perfume-thumbs/375x500.70475.jpg
Victoria's Secret Angel Stories Blowing Kisses fe,https://www.fragrantica.com/perfume/Victoria-s-Secret/Angel-Stories-Blowing-Kisses-49011.html,https://fimgs.net/mdimg/perfume-thumbs/375x500.49011.jpg
Victoria's Secret Angel Stories Let’s Stay in Bed fe,https://www.fragrantica.com/perfume/Victoria-s-Secret/Angel-Stories-Let-s-Stay-in-Bed-49012.html,https://fimgs.net/mdimg/perfume-thumbs/375x500.49012.jpg
Victoria's Secret Angel Stories Lights Off fe,https://www.fragrantica.com/perfume/Victoria-s-Secret/Angel-Stories-Lights-Off-49013.html,https://fimgs.net/mdimg/perfume-thumbs/375x500.49013.jpg
Victoria's Secret Angel Stories New York fe,https://www.fragrantica.com/perfume/Victoria-s-Secret/Angel-Stories-New-York-49010.html,https://fimgs.net/mdimg/perfume-thumbs/375x500.49010.jpg
Victoria's Secret Angel Stories Up All Night fe,https://www.fragrantica.com/perfume/Victoria-s-Secret/Angel-Stories-Up-All-Night-49009.html,https://fimgs.net/mdimg/perfume-thumbs/375x500.49009.jpg
Victoria's Secret Angel Eau De Parfum fe,https://www.fragrantica.com/perfume/Victoria-s-Secret/Angel-Eau-De-Parfum-32695.html,https://fimgs.net/mdimg/perfume-thumbs/375x500.32695.jpg
Victoria's Secret Angel Gold fe,https://www.fragrantica.com/perfume/Victoria-s-Secret/Angel-Gold-32693.html,https://fimgs.net/mdimg/perfume-thumbs/375x500.32693.jpg
Victoria's Secret Dark Angel fe,https://www.fragrantica.com/perfume/Victoria-s-Secret/Dark-Angel-32694.html,https://fimgs.net/mdimg/perfume-thumbs/375x500.32694.jpg
Victoria's Secret Mango Temptation fe,https://www.fragrantica.com/perfume/Victoria-s-Secret/Mango-Temptation-121772.html,https://fimgs.net/mdimg/perfume-thumbs/375x500.121772.jpg
Victoria's Secret Pear Glacé fe,https://www.fragrantica.com/perfume/Victoria-s-Secret/Pear-Glace-121715.html,https://fimgs.net/mdimg/perfume-thumbs/375x500.121715.jpg
Victoria's Secret Strawberries & Champagne fe,https://www.fragrantica.com/perfume/Victoria-s-Secret/Strawberries-Champagne-121771.html,https://fimgs.net/mdimg/perfume-thumbs/375x500.121771.jpg
Victoria's Secret Bare fe,https://www.fragrantica.com/perfume/Victoria-s-Secret/Bare-75277.html,https://fimgs.net/mdimg/perfume-thumbs/375x500.75277.jpg
Victoria's Secret Bare Magnolia fe,https://www.fragrantica.com/perfume/Victoria-s-Secret/Bare-Magnolia-93267.html,https://fimgs.net/mdimg/perfume-thumbs/375x500.93267.jpg
Victoria's Secret Bare Rose fe,https://www.fragrantica.com/perfume/Victoria-s-Secret/Bare-Rose-83716.html,https://fimgs.net/mdimg/perfume-thumbs/375x500.83716.jpg
Victoria's Secret Bare Sueded Vanilla,https://www.fragrantica.com/perfume/Victoria-s-Secret/Bare-Sueded-Vanilla-109985.html,https://fimgs.net/mdimg/perfume-thumbs/375x500.109985.jpg
Victoria's Secret Beach Bloom fe,https://www.fragrantica.com/perfume/Victoria-s-Secret/Beach-Bloom-45286.html,https://fimgs.net/mdimg/perfume-thumbs/375x500.45286.jpg
Victoria's Secret Crystal Sand fe,https://www.fragrantica.com/perfume/Victoria-s-Secret/Crystal-Sand-45289.html,https://fimgs.net/mdimg/perfume-thumbs/375x500.45289.jpg
Victoria's Secret Pink Sunset fe,https://www.fragrantica.com/perfume/Victoria-s-Secret/Pink-Sunset-45287.html,https://fimgs.net/mdimg/perfume-thumbs/375x500.45287.jpg
Victoria's Secret Turquoise Waves fe,https://www.fragrantica.com/perfume/Victoria-s-Secret/Turquoise-Waves-45288.html,https://fimgs.net/mdimg/perfume-thumbs/375x500.45288.jpg
Victoria's Secret Berry Cosmo fe,https://www.fragrantica.com/perfume/Victoria-s-Secret/Berry-Cosmo-89108.html,https://fimgs.net/mdimg/perfume-thumbs/375x500.89108.jpg
Victoria's Secret Berry Smooch,https://www.fragrantica.com/perfume/Victoria-s-Secret/Berry-Smooch-89113.html,https://fimgs.net/mdimg/perfume-thumbs/375x500.89113.jpg
"Victoria's Secret Candy, Baby fe",https://www.fragrantica.com/perfume/Victoria-s-Secret/Candy-Baby-14455.html,https://fimgs.net/mdimg/perfume-thumbs/375x500.14455.jpg
Victoria's Secret Juiced Berry fe,https://www.fragrantica.com/perfume/Victoria-s-Secret/Juiced-Berry-14456.html,https://fimgs.net/mdimg/perfume-thumbs/375x500.14456.jpg
Victoria's Secret Love Addict fe,https://www.fragrantica.com/perfume/Victoria-s-Secret/Love-Addict-14454.html,https://fimgs.net/mdimg/perfume-thumbs/375x500.14454.jpg
Victoria's Secret Plum Drop fe,https://www.fragrantica.com/perfume/Victoria-s-Secret/Plum-Drop-14452.html,https://fimgs.net/mdimg/perfume-thumbs/375x500.14452.jpg
Victoria's Secret Punchsicle fe,https://www.fragrantica.com/perfume/Victoria-s-Secret/Punchsicle-14462.html,https://fimgs.net/mdimg/perfume-thumbs/375x500.14462.jpg
Victoria's Secret Secret Crush Fragrance Mist fe,https://www.fragrantica.com/perfume/Victoria-s-Secret/Secret-Crush-Fragrance-Mist-14450.html,https://fimgs.net/mdimg/perfume-thumbs/375x500.14450.jpg
Victoria's Secret Sugarpop fe,https://www.fragrantica.com/perfume/Victoria-s-Secret/Sugarpop-14460.html,https://fimgs.net/mdimg/perfume-thumbs/375x500.14460.jpg
Victoria's Secret Sweet Tease fe,https://www.fragrantica.com/perfume/Victoria-s-Secret/Sweet-Tease-14451.html,https://fimgs.net/mdimg/perfume-thumbs/375x500.14451.jpg
Victoria's Secret Twinkleberry fe,https://www.fragrantica.com/perfume/Victoria-s-Secret/Twinkleberry-14461.html,https://fimgs.net/mdimg/perfume-thumbs/375x500.14461.jpg
Victoria's Secret Vanilla Vixen fe,https://www.fragrantica.com/perfume/Victoria-s-Secret/Vanilla-Vixen-14458.html,https://fimgs.net/mdimg/perfume-thumbs/375x500.14458.jpg
Victoria's Secret Wild Kiss fe,https://www.fragrantica.com/perfume/Victoria-s-Secret/Wild-Kiss-14453.html,https://fimgs.net/mdimg/perfume-thumbs/375x500.14453.jpg
Victoria's Secret Wink Wink fe,https://www.fragrantica.com/perfume/Victoria-s-Secret/Wink-Wink-14449.html,https://fimgs.net/mdimg/perfume-thumbs/375x500.14449.jpg
Victoria's Secret With a Kiss Fragrance Mist fe,https://www.fragrantica.com/perfume/Victoria-s-Secret/With-a-Kiss-Fragrance-Mist-14459.html,https://fimgs.net/mdimg/perfume-thumbs/375x500.14459.jpg
Victoria's Secret Afterparty Angel fe,https://www.fragrantica.com/perfume/Victoria-s-Secret/Afterparty-Angel-70529.html,https://fimgs.net/mdimg/perfume-thumbs/375x500.70529.jpg
Victoria's Secret Amber Romance fe,https://www.fragrantica.com/perfume/Victoria-s-Secret/Amber-Romance-67704.html,https://fimgs.net/mdimg/perfume-thumbs/375x500.67704.jpg
Victoria's Secret Aqua Kiss fe,https://www.fragrantica.com/perfume/Victoria-s-Secret/Aqua-Kiss-33495.html,https://fimgs.net/mdimg/perfume-thumbs/375x500.33495.jpg
Victoria's Secret Bare Vanilla fe,https://www.fragrantica.com/perfume/Victoria-s-Secret/Bare-Vanilla-56836.html,https://fimgs.net/mdimg/perfume-thumbs/375x500.56836.jpg
Victoria's Secret Beyond fe,https://www.fragrantica.com/perfume/Victoria-s-Secret/Beyond-40746.html,https://fimgs.net/mdimg/perfume-thumbs/375x500.40746.jpg
Victoria's Secret Bloom Box fe,https://www.fragrantica.com/perfume/Victoria-s-Secret/Bloom-Box-70530.html,https://fimgs.net/mdimg/perfume-thumbs/375x500.70530.jpg
Victoria's Secret Blush fe,https://www.fragrantica.com/perfume/Victoria-s-Secret/Blush-42994.html,https://fimgs.net/mdimg/perfume-thumbs/375x500.42994.jpg
Victoria's Secret Cashmere Snow fe,https://www.fragrantica.com/perfume/Victoria-s-Secret/Cashmere-Snow-65027.html,https://fimgs.net/mdimg/perfume-thumbs/375x500.65027.jpg
Victoria's Secret Cherry Pop fe,https://www.fragrantica.com/perfume/Victoria-s-Secret/Cherry-Pop-56834.html,https://fimgs.net/mdimg/perfume-thumbs/375x500.56834.jpg
Victoria's Secret Cool Oasis fe,https://www.fragrantica.com/perfume/Victoria-s-Secret/Cool-Oasis-63335.html,https://fimgs.net/mdimg/perfume-thumbs/375x500.63335.jpg
Victoria's Secret Dare fe,https://www.fragrantica.com/perfume/Victoria-s-Secret/Dare-56305.html,https://fimgs.net/mdimg/perfume-thumbs/375x500.56305.jpg
Victoria's Secret Desire,https://www.fragrantica.com/perfume/Victoria-s-Secret/Desire-56312.html,https://fimgs.net/mdimg/perfume-thumbs/375x500.56312.jpg
Victoria's Secret Dream Like An Angel female,https://www.fragrantica.com/perfume/Victoria-s-Secret/Dream-Like-An-Angel-82307.html,https://fimgs.net/mdimg/perfume-thumbs/375x500.82307.jpg
Victoria's Secret Dreamy Vanilla fe,https://www.fragrantica.com/perfume/Victoria-s-Secret/Dreamy-Vanilla-38491.html,https://fimgs.net/mdimg/perfume-thumbs/375x500.38491.jpg
Victoria's Secret Electric fe,https://www.fragrantica.com/perfume/Victoria-s-Secret/Electric-40747.html,https://fimgs.net/mdimg/perfume-thumbs/375x500.40747.jpg
Victoria's Secret Escape With Me To The Beach female,https://www.fragrantica.com/perfume/Victoria-s-Secret/Escape-With-Me-To-The-Beach-82308.html,https://fimgs.net/mdimg/perfume-thumbs/375x500.82308.jpg
Victoria's Secret Exotic fe,https://www.fragrantica.com/perfume/Victoria-s-Secret/Exotic-56319.html,https://fimgs.net/mdimg/perfume-thumbs/375x500.56319.jpg
Victoria's Secret Forbidden Fantasy fe,https://www.fragrantica.com/perfume/Victoria-s-Secret/Forbidden-Fantasy-56304.html,https://fimgs.net/mdimg/perfume-thumbs/375x500.56304.jpg
Victoria's Secret Forever Blushing fe,https://www.fragrantica.com/perfume/Victoria-s-Secret/Forever-Blushing-14364.html,https://fimgs.net/mdimg/perfume-thumbs/375x500.14364.jpg
Victoria's Secret Forever Pink fe,https://www.fragrantica.com/perfume/Victoria-s-Secret/Forever-Pink-56833.html,https://fimgs.net/mdimg/perfume-thumbs/375x500.56833.jpg
Victoria's Secret Frosted Apple fe,https://www.fragrantica.com/perfume/Victoria-s-Secret/Frosted-Apple-38494.html,https://fimgs.net/mdimg/perfume-thumbs/375x500.38494.jpg
Victoria's Secret Goddess fe,https://www.fragrantica.com/perfume/Victoria-s-Secret/Goddess-42991.html,https://fimgs.net/mdimg/perfume-thumbs/375x500.42991.jpg
Victoria's Secret Gorgeous Fragrance Mist fe,https://www.fragrantica.com/perfume/Victoria-s-Secret/Gorgeous-Fragrance-Mist-42990.html,https://fimgs.net/mdimg/perfume-thumbs/375x500.42990.jpg
Victoria's Secret Honey Mist fe,https://www.fragrantica.com/perfume/Victoria-s-Secret/Honey-Mist-67417.html,https://fimgs.net/mdimg/perfume-thumbs/375x500.67417.jpg
Victoria's Secret Let's Stay In female,https://www.fragrantica.com/perfume/Victoria-s-Secret/Let-s-Stay-In-82306.html,https://fimgs.net/mdimg/perfume-thumbs/375x500.82306.jpg
Victoria's Secret Love Spell Fragrance Mist fe,https://www.fragrantica.com/perfume/Victoria-s-Secret/Love-Spell-Fragrance-Mist-33494.html,https://fimgs.net/mdimg/perfume-thumbs/375x500.33494.jpg
Victoria's Secret Love Spell Lace Mist fe,https://www.fragrantica.com/perfume/Victoria-s-Secret/Love-Spell-Lace-Mist-42989.html,https://fimgs.net/mdimg/perfume-thumbs/375x500.42989.jpg
Victoria's Secret Love Spell Shimmer female,https://www.fragrantica.com/perfume/Victoria-s-Secret/Love-Spell-Shimmer-89588.html,https://fimgs.net/mdimg/perfume-thumbs/375x500.89588.jpg
Victoria's Secret Magnetic fe,https://www.fragrantica.com/perfume/Victoria-s-Secret/Magnetic-40748.html,https://fimgs.net/mdimg/perfume-thumbs/375x500.40748.jpg
Victoria's Secret Mango Temptation fe,https://www.fragrantica.com/perfume/Victoria-s-Secret/Mango-Temptation-13036.html,https://fimgs.net/mdimg/perfume-thumbs/375x500.13036.jpg
Victoria's Secret Midnight Bloom fe,https://www.fragrantica.com/perfume/Victoria-s-Secret/Midnight-Bloom-69714.html,https://fimgs.net/mdimg/perfume-thumbs/375x500.69714.jpg
Victoria's Secret Midnight Dare fe,https://www.fragrantica.com/perfume/Victoria-s-Secret/Midnight-Dare-33491.html,https://fimgs.net/mdimg/perfume-thumbs/375x500.33491.jpg
Victoria's Secret Midnight Exotics Deep Berry fe,https://www.fragrantica.com/perfume/Victoria-s-Secret/Midnight-Exotics-Deep-Berry-56311.html,https://fimgs.net/mdimg/perfume-thumbs/375x500.56311.jpg
Victoria's Secret Midnight Exotics Forbidden Vanilla fe,https://www.fragrantica.com/perfume/Victoria-s-Secret/Midnight-Exotics-Forbidden-Vanilla-56309.html,https://fimgs.net/mdimg/perfume-thumbs/375x500.56309.jpg
Victoria's Secret Midnight Exotics Sensual Jasmine fe,https://www.fragrantica.com/perfume/Victoria-s-Secret/Midnight-Exotics-Sensual-Jasmine-56310.html,https://fimgs.net/mdimg/perfume-thumbs/375x500.56310.jpg
Victoria's Secret Moonlight Dream fe,https://www.fragrantica.com/perfume/Victoria-s-Secret/Moonlight-Dream-29375.html,https://fimgs.net/mdimg/perfume-thumbs/375x500.29375.jpg
Victoria's Secret Night Angel fe,https://www.fragrantica.com/perfume/Victoria-s-Secret/Night-Angel-56321.html,https://fimgs.net/mdimg/perfume-thumbs/375x500.56321.jpg
Victoria's Secret Paradise fe,https://www.fragrantica.com/perfume/Victoria-s-Secret/Paradise-56303.html,https://fimgs.net/mdimg/perfume-thumbs/375x500.56303.jpg
Victoria's Secret Rich Vanilla female,https://www.fragrantica.com/perfume/Victoria-s-Secret/Rich-Vanilla-99453.html,https://fimgs.net/mdimg/perfume-thumbs/375x500.99453.jpg
Victoria's Secret Romantic fe,https://www.fragrantica.com/perfume/Victoria-s-Secret/Romantic-66736.html,https://fimgs.net/mdimg/perfume-thumbs/375x500.66736.jpg
Victoria's Secret Runway Angel,https://www.fragrantica.com/perfume/Victoria-s-Secret/Runway-Angel-60657.html,https://fimgs.net/mdimg/perfume-thumbs/375x500.60657.jpg
Victoria's Secret Rush fe,https://www.fragrantica.com/perfume/Victoria-s-Secret/Rush-42992.html,https://fimgs.net/mdimg/perfume-thumbs/375x500.42992.jpg
Victoria's Secret Secret Charm Honeysuckle And Jasmine fe,https://www.fragrantica.com/perfume/Victoria-s-Secret/Secret-Charm-Honeysuckle-And-Jasmine-40629.html,https://fimgs.net/mdimg/perfume-thumbs/375x500.40629.jpg
Victoria's Secret Secret Escape Sheer Freesia & Guava Flowers fe,https://www.fragrantica.com/perfume/Victoria-s-Secret/Secret-Escape-Sheer-Freesia-Guava-Flowers-40347.html,https://fimgs.net/mdimg/perfume-thumbs/375x500.40347.jpg
Victoria's Secret Sensual Blush fe,https://www.fragrantica.com/perfume/Victoria-s-Secret/Sensual-Blush-33442.html,https://fimgs.net/mdimg/perfume-thumbs/375x500.33442.jpg
Victoria's Secret Sheer Love Fragrance Mist fe,https://www.fragrantica.com/perfume/Victoria-s-Secret/Sheer-Love-Fragrance-Mist-33493.html,https://fimgs.net/mdimg/perfume-thumbs/375x500.33493.jpg
Victoria's Secret Snow Mint fe,https://www.fragrantica.com/perfume/Victoria-s-Secret/Snow-Mint-38490.html,https://fimgs.net/mdimg/perfume-thumbs/375x500.38490.jpg
Victoria's Secret Such a Flirt Fragrance Mist fe,https://www.fragrantica.com/perfume/Victoria-s-Secret/Such-a-Flirt-Fragrance-Mist-33492.html,https://fimgs.net/mdimg/perfume-thumbs/375x500.33492.jpg
Victoria's Secret Sunset Stripped fe,https://www.fragrantica.com/perfume/Victoria-s-Secret/Sunset-Stripped-56320.html,https://fimgs.net/mdimg/perfume-thumbs/375x500.56320.jpg
Victoria's Secret Surfside fe,https://www.fragrantica.com/perfume/Victoria-s-Secret/Surfside-56308.html,https://fimgs.net/mdimg/perfume-thumbs/375x500.56308.jpg
Victoria's Secret Temptation fe,https://www.fragrantica.com/perfume/Victoria-s-Secret/Temptation-42993.html,https://fimgs.net/mdimg/perfume-thumbs/375x500.42993.jpg
Victoria's Secret True Escape fe,https://www.fragrantica.com/perfume/Victoria-s-Secret/True-Escape-56307.html,https://fimgs.net/mdimg/perfume-thumbs/375x500.56307.jpg
Victoria's Secret Vanilla Remix fe,https://www.fragrantica.com/perfume/Victoria-s-Secret/Vanilla-Remix-56835.html,https://fimgs.net/mdimg/perfume-thumbs/375x500.56835.jpg
Victoria's Secret Velvet Petals fe,https://www.fragrantica.com/perfume/Victoria-s-Secret/Velvet-Petals-56837.html,https://fimgs.net/mdimg/perfume-thumbs/375x500.56837.jpg
Victoria's Secret Velvet Petals Shimmer fe,https://www.fragrantica.com/perfume/Victoria-s-Secret/Velvet-Petals-Shimmer-53388.html,https://fimgs.net/mdimg/perfume-thumbs/375x500.53388.jpg
Victoria's Secret Warm Ginger fe,https://www.fragrantica.com/perfume/Victoria-s-Secret/Warm-Ginger-38493.html,https://fimgs.net/mdimg/perfume-thumbs/375x500.38493.jpg
Victoria's Secret Winter Cranberry fe,https://www.fragrantica.com/perfume/Victoria-s-Secret/Winter-Cranberry-38492.html,https://fimgs.net/mdimg/perfume-thumbs/375x500.38492.jpg
Victoria's Secret Bombshell fe,https://www.fragrantica.com/perfume/Victoria-s-Secret/Bombshell-10190.html,https://fimgs.net/mdimg/perfume-thumbs/375x500.10190.jpg
Victoria's Secret Bombshell Amalfi fe,https://www.fragrantica.com/perfume/Victoria-s-Secret/Bombshell-Amalfi-105778.html,https://fimgs.net/mdimg/perfume-thumbs/375x500.105778.jpg
Victoria's Secret Bombshell Beach fe,https://www.fragrantica.com/perfume/Victoria-s-Secret/Bombshell-Beach-66513.html,https://fimgs.net/mdimg/perfume-thumbs/375x500.66513.jpg
Victoria's Secret Bombshell Bogotá fe,https://www.fragrantica.com/perfume/Victoria-s-Secret/Bombshell-Bogota-88762.html,https://fimgs.net/mdimg/perfume-thumbs/375x500.88762.jpg
Victoria's Secret Bombshell Celebration fe,https://www.fragrantica.com/perfume/Victoria-s-Secret/Bombshell-Celebration-70389.html,https://fimgs.net/mdimg/perfume-thumbs/375x500.70389.jpg
Victoria's Secret Bombshell Diamonds 2013 fe,https://www.fragrantica.com/perfume/Victoria-s-Secret/Bombshell-Diamonds-2013-22618.html,https://fimgs.net/mdimg/perfume-thumbs/375x500.22618.jpg
Victoria's Secret Bombshell Diamonds EDP fe,https://www.fragrantica.com/perfume/Victoria-s-Secret/Bombshell-Diamonds-EDP-17061.html,https://fimgs.net/mdimg/perfume-thumbs/375x500.17061.jpg
Victoria's Secret Bombshell Eau de Parfum fe,https://www.fragrantica.com/perfume/Victoria-s-Secret/Bombshell-Eau-de-Parfum-38144.html,https://fimgs.net/mdimg/perfume-thumbs/375x500.38144.jpg
Victoria's Secret Bombshell Escape fe,https://www.fragrantica.com/perfume/Victoria-s-Secret/Bombshell-Escape-91516.html,https://fimgs.net/mdimg/perfume-thumbs/375x500.91516.jpg
Victoria's Secret Bombshell Forever fe,https://www.fragrantica.com/perfume/Victoria-s-Secret/Bombshell-Forever-18315.html,https://fimgs.net/mdimg/perfume-thumbs/375x500.18315.jpg
Victoria's Secret Bombshell Glamour fe,https://www.fragrantica.com/perfume/Victoria-s-Secret/Bombshell-Glamour-87707.html,https://fimgs.net/mdimg/perfume-thumbs/375x500.87707.jpg
Victoria's Secret Bombshell Gold fe,https://www.fragrantica.com/perfume/Victoria-s-Secret/Bombshell-Gold-63685.html,https://fimgs.net/mdimg/perfume-thumbs/375x500.63685.jpg
Victoria's Secret Bombshell Holiday Eau de Parfum fe,https://www.fragrantica.com/perfume/Victoria-s-Secret/Bombshell-Holiday-Eau-de-Parfum-58329.html,https://fimgs.net/mdimg/perfume-thumbs/375x500.58329.jpg
Victoria's Secret Bombshell In Love fe,https://www.fragrantica.com/perfume/Victoria-s-Secret/Bombshell-In-Love-14293.html,https://fimgs.net/mdimg/perfume-thumbs/375x500.14293.jpg
Victoria's Secret Bombshell Intense fe,https://www.fragrantica.com/perfume/Victoria-s-Secret/Bombshell-Intense-56355.html,https://fimgs.net/mdimg/perfume-thumbs/375x500.56355.jpg
Victoria's Secret Bombshell Isle fe,https://www.fragrantica.com/perfume/Victoria-s-Secret/Bombshell-Isle-81954.html,https://fimgs.net/mdimg/perfume-thumbs/375x500.81954.jpg
Victoria's Secret Bombshell Lagos fe,https://www.fragrantica.com/perfume/Victoria-s-Secret/Bombshell-Lagos-88765.html,https://fimgs.net/mdimg/perfume-thumbs/375x500.88765.jpg
Victoria's Secret Bombshell Limited Edition Eau de Parfum fe,https://www.fragrantica.com/perfume/Victoria-s-Secret/Bombshell-Limited-Edition-Eau-de-Parfum-18316.html,https://fimgs.net/mdimg/perfume-thumbs/375x500.18316.jpg
Victoria's Secret Bombshell London fe,https://www.fragrantica.com/perfume/Victoria-s-Secret/Bombshell-London-88764.html,https://fimgs.net/mdimg/perfume-thumbs/375x500.88764.jpg
Victoria's Secret Bombshell Luxe fe,https://www.fragrantica.com/perfume/Victoria-s-Secret/Bombshell-Luxe-32692.html,https://fimgs.net/mdimg/perfume-thumbs/375x500.32692.jpg
Victoria's Secret Bombshell Luxe (2017) fe,https://www.fragrantica.com/perfume/Victoria-s-Secret/Bombshell-Luxe-2017-42704.html,https://fimgs.net/mdimg/perfume-thumbs/375x500.42704.jpg
Victoria's Secret Bombshell Luxe Eau de Parfum fe,https://www.fragrantica.com/perfume/Victoria-s-Secret/Bombshell-Luxe-Eau-de-Parfum-38143.html,https://fimgs.net/mdimg/perfume-thumbs/375x500.38143.jpg
Victoria's Secret Bombshell Magic fe,https://www.fragrantica.com/perfume/Victoria-s-Secret/Bombshell-Magic-77490.html,https://fimgs.net/mdimg/perfume-thumbs/375x500.77490.jpg
Victoria's Secret Bombshell Midnight fe,https://www.fragrantica.com/perfume/Victoria-s-Secret/Bombshell-Midnight-98502.html,https://fimgs.net/mdimg/perfume-thumbs/375x500.98502.jpg
Victoria's Secret Bombshell New York fe,https://www.fragrantica.com/perfume/Victoria-s-Secret/Bombshell-New-York-44893.html,https://fimgs.net/mdimg/perfume-thumbs/375x500.44893.jpg
Victoria's Secret Bombshell New York Fashion Show 2018 fe,https://www.fragrantica.com/perfume/Victoria-s-Secret/Bombshell-New-York-Fashion-Show-2018-52267.html,https://fimgs.net/mdimg/perfume-thumbs/375x500.52267.jpg
Victoria's Secret Bombshell Nights  fe,https://www.fragrantica.com/perfume/Victoria-s-Secret/Bombshell-Nights-47278.html,https://fimgs.net/mdimg/perfume-thumbs/375x500.47278.jpg
Victoria's Secret Bombshell Oud fe,https://www.fragrantica.com/perfume/Victoria-s-Secret/Bombshell-Oud-67098.html,https://fimgs.net/mdimg/perfume-thumbs/375x500.67098.jpg
Victoria's Secret Bombshell Paradise fe,https://www.fragrantica.com/perfume/Victoria-s-Secret/Bombshell-Paradise-54758.html,https://fimgs.net/mdimg/perfume-thumbs/375x500.54758.jpg
Victoria's Secret Bombshell Paradise Eau de Parfum fe,https://www.fragrantica.com/perfume/Victoria-s-Secret/Bombshell-Paradise-Eau-de-Parfum-60706.html,https://fimgs.net/mdimg/perfume-thumbs/375x500.60706.jpg
Victoria's Secret Bombshell Passion fe,https://www.fragrantica.com/perfume/Victoria-s-Secret/Bombshell-Passion-62570.html,https://fimgs.net/mdimg/perfume-thumbs/375x500.62570.jpg
Victoria's Secret Bombshell Pink Diamond fe,https://www.fragrantica.com/perfume/Victoria-s-Secret/Bombshell-Pink-Diamond-28811.html,https://fimgs.net/mdimg/perfume-thumbs/375x500.28811.jpg
Victoria's Secret Bombshell Santorini fe,https://www.fragrantica.com/perfume/Victoria-s-Secret/Bombshell-Santorini-105776.html,https://fimgs.net/mdimg/perfume-thumbs/375x500.105776.jpg
Victoria's Secret Bombshell Seduction fe,https://www.fragrantica.com/perfume/Victoria-s-Secret/Bombshell-Seduction-13626.html,https://fimgs.net/mdimg/perfume-thumbs/375x500.13626.jpg
Victoria's Secret Bombshell Seduction Eau de Parfum fe,https://www.fragrantica.com/perfume/Victoria-s-Secret/Bombshell-Seduction-Eau-de-Parfum-48702.html,https://fimgs.net/mdimg/perfume-thumbs/375x500.48702.jpg
Victoria's Secret Bombshell Shanghai 2017 fe,https://www.fragrantica.com/perfume/Victoria-s-Secret/Bombshell-Shanghai-2017-47558.html,https://fimgs.net/mdimg/perfume-thumbs/375x500.47558.jpg
Victoria's Secret Bombshell St. Tropez fe,https://www.fragrantica.com/perfume/Victoria-s-Secret/Bombshell-St-Tropez-105777.html,https://fimgs.net/mdimg/perfume-thumbs/375x500.105777.jpg
Victoria's Secret Bombshell Summer 2011 fe,https://www.fragrantica.com/perfume/Victoria-s-Secret/Bombshell-Summer-2011-12222.html,https://fimgs.net/mdimg/perfume-thumbs/375x500.12222.jpg
Victoria's Secret Bombshell Summer 2014 fe,https://www.fragrantica.com/perfume/Victoria-s-Secret/Bombshell-Summer-2014-25270.html,https://fimgs.net/mdimg/perfume-thumbs/375x500.25270.jpg
Victoria's Secret Bombshell Summer 2017 fe,https://www.fragrantica.com/perfume/Victoria-s-Secret/Bombshell-Summer-2017-44729.html,https://fimgs.net/mdimg/perfume-thumbs/375x500.44729.jpg
Victoria's Secret Bombshell Sundrenched fe,https://www.fragrantica.com/perfume/Victoria-s-Secret/Bombshell-Sundrenched-73276.html,https://fimgs.net/mdimg/perfume-thumbs/375x500.73276.jpg
Victoria's Secret Bombshell The Summer Edition fe,https://www.fragrantica.com/perfume/Victoria-s-Secret/Bombshell-The-Summer-Edition-15018.html,https://fimgs.net/mdimg/perfume-thumbs/375x500.15018.jpg
Victoria's Secret Bombshell Tokyo fe,https://www.fragrantica.com/perfume/Victoria-s-Secret/Bombshell-Tokyo-88763.html,https://fimgs.net/mdimg/perfume-thumbs/375x500.88763.jpg
Victoria's Secret Bombshell Wild Flower fe,https://www.fragrantica.com/perfume/Victoria-s-Secret/Bombshell-Wild-Flower-53337.html,https://fimgs.net/mdimg/perfume-thumbs/375x500.53337.jpg
Victoria's Secret Victoria's Secret Bombshell Italian Iris fe,https://www.fragrantica.com/perfume/Victoria-s-Secret/Victoria-s-Secret-Bombshell-Italian-Iris-18109.html,https://fimgs.net/mdimg/perfume-thumbs/375x500.18109.jpg
Victoria's Secret Victoria's Secret Bombshells in Bloom fe,https://www.fragrantica.com/perfume/Victoria-s-Secret/Victoria-s-Secret-Bombshells-in-Bloom-23245.html,https://fimgs.net/mdimg/perfume-thumbs/375x500.23245.jpg
Victoria's Secret Winter Bombshell fe,https://www.fragrantica.com/perfume/Victoria-s-Secret/Winter-Bombshell-33869.html,https://fimgs.net/mdimg/perfume-thumbs/375x500.33869.jpg
Victoria's Secret Amber Aperitif fe,https://www.fragrantica.com/perfume/Victoria-s-Secret/Amber-Aperitif-107798.html,https://fimgs.net/mdimg/perfume-thumbs/375x500.107798.jpg
Victoria's Secret Berry Brûlée,https://www.fragrantica.com/perfume/Victoria-s-Secret/Berry-Brulee-107799.html,https://fimgs.net/mdimg/perfume-thumbs/375x500.107799.jpg
Victoria's Secret Pistachio Crème fe,https://www.fragrantica.com/perfume/Victoria-s-Secret/Pistachio-Creme-107796.html,https://fimgs.net/mdimg/perfume-thumbs/375x500.107796.jpg
Victoria's Secret Sugared Petals fe,https://www.fragrantica.com/perfume/Victoria-s-Secret/Sugared-Petals-107797.html,https://fimgs.net/mdimg/perfume-thumbs/375x500.107797.jpg
Victoria's Secret Bare Vanilla Cashmere fe,https://www.fragrantica.com/perfume/Victoria-s-Secret/Bare-Vanilla-Cashmere-84643.html,https://fimgs.net/mdimg/perfume-thumbs/375x500.84643.jpg
Victoria's Secret Love Spell Cashmere fe,https://www.fragrantica.com/perfume/Victoria-s-Secret/Love-Spell-Cashmere-84646.html,https://fimgs.net/mdimg/perfume-thumbs/375x500.84646.jpg
Victoria's Secret Pure Seduction Cashmere fe,https://www.fragrantica.com/perfume/Victoria-s-Secret/Pure-Seduction-Cashmere-84644.html,https://fimgs.net/mdimg/perfume-thumbs/375x500.84644.jpg
Victoria's Secret Velvet Petals Cashmere fe,https://www.fragrantica.com/perfume/Victoria-s-Secret/Velvet-Petals-Cashmere-84645.html,https://fimgs.net/mdimg/perfume-thumbs/375x500.84645.jpg
Victoria's Secret Coastal Bliss fe,https://www.fragrantica.com/perfume/Victoria-s-Secret/Coastal-Bliss-93214.html,https://fimgs.net/mdimg/perfume-thumbs/375x500.93214.jpg
Victoria's Secret Island Rush fe,https://www.fragrantica.com/perfume/Victoria-s-Secret/Island-Rush-93217.html,https://fimgs.net/mdimg/perfume-thumbs/375x500.93217.jpg
Victoria's Secret Seaside Surf fe,https://www.fragrantica.com/perfume/Victoria-s-Secret/Seaside-Surf-93215.html,https://fimgs.net/mdimg/perfume-thumbs/375x500.93215.jpg
Victoria's Secret Vibrant Breeze fe,https://www.fragrantica.com/perfume/Victoria-s-Secret/Vibrant-Breeze-93216.html,https://fimgs.net/mdimg/perfume-thumbs/375x500.93216.jpg
Victoria's Secret Eau So Sexy Eau de Parfum fe,https://www.fragrantica.com/perfume/Victoria-s-Secret/Eau-So-Sexy-Eau-de-Parfum-55655.html,https://fimgs.net/mdimg/perfume-thumbs/375x500.55655.jpg
Victoria's Secret Hardcore Rose fe,https://www.fragrantica.com/perfume/Victoria-s-Secret/Hardcore-Rose-55654.html,https://fimgs.net/mdimg/perfume-thumbs/375x500.55654.jpg
Victoria's Secret Just A Kiss fe,https://www.fragrantica.com/perfume/Victoria-s-Secret/Just-A-Kiss-55656.html,https://fimgs.net/mdimg/perfume-thumbs/375x500.55656.jpg
Victoria's Secret Before The Rain fe,https://www.fragrantica.com/perfume/Victoria-s-Secret/Before-The-Rain-66945.html,https://fimgs.net/mdimg/perfume-thumbs/375x500.66945.jpg
Victoria's Secret Beneath The Palms fe,https://www.fragrantica.com/perfume/Victoria-s-Secret/Beneath-The-Palms-66944.html,https://fimgs.net/mdimg/perfume-thumbs/375x500.66944.jpg
Victoria's Secret Early Morning Sun fe,https://www.fragrantica.com/perfume/Victoria-s-Secret/Early-Morning-Sun-66941.html,https://fimgs.net/mdimg/perfume-thumbs/375x500.66941.jpg
Victoria's Secret Horizon In Bloom fe,https://www.fragrantica.com/perfume/Victoria-s-Secret/Horizon-In-Bloom-66943.html,https://fimgs.net/mdimg/perfume-thumbs/375x500.66943.jpg
Victoria's Secret Blushing Berry Magnolia fe,https://www.fragrantica.com/perfume/Victoria-s-Secret/Blushing-Berry-Magnolia-65617.html,https://fimgs.net/mdimg/perfume-thumbs/375x500.65617.jpg
Victoria's Secret Daring Peach Daisy fe,https://www.fragrantica.com/perfume/Victoria-s-Secret/Daring-Peach-Daisy-65618.html,https://fimgs.net/mdimg/perfume-thumbs/375x500.65618.jpg
Victoria's Secret Dreamy Plum Dahlia fe,https://www.fragrantica.com/perfume/Victoria-s-Secret/Dreamy-Plum-Dahlia-65619.html,https://fimgs.net/mdimg/perfume-thumbs/375x500.65619.jpg
Victoria's Secret Tempting Pear Jasmine fe,https://www.fragrantica.com/perfume/Victoria-s-Secret/Tempting-Pear-Jasmine-65620.html,https://fimgs.net/mdimg/perfume-thumbs/375x500.65620.jpg
Victoria's Secret Bare Vanilla Crystal fe,https://www.fragrantica.com/perfume/Victoria-s-Secret/Bare-Vanilla-Crystal-89087.html,https://fimgs.net/mdimg/perfume-thumbs/375x500.89087.jpg
Victoria's Secret Love Spell Crystal fe,https://www.fragrantica.com/perfume/Victoria-s-Secret/Love-Spell-Crystal-91965.html,https://fimgs.net/mdimg/perfume-thumbs/375x500.91965.jpg
Victoria's Secret Pure Seduction Crystal fe,https://www.fragrantica.com/perfume/Victoria-s-Secret/Pure-Seduction-Crystal-91964.html,https://fimgs.net/mdimg/perfume-thumbs/375x500.91964.jpg
Victoria's Secret Velvet Petals Crystal fe,https://www.fragrantica.com/perfume/Victoria-s-Secret/Velvet-Petals-Crystal-91966.html,https://fimgs.net/mdimg/perfume-thumbs/375x500.91966.jpg
Victoria's Secret Daring,https://www.fragrantica.com/perfume/Victoria-s-Secret/Daring-96769.html,https://fimgs.net/mdimg/perfume-thumbs/375x500.96769.jpg
Victoria's Secret Dark Romantic,https://www.fragrantica.com/perfume/Victoria-s-Secret/Dark-Romantic-91936.html,https://fimgs.net/mdimg/perfume-thumbs/375x500.91936.jpg
Victoria's Secret Mystic Lover fe,https://www.fragrantica.com/perfume/Victoria-s-Secret/Mystic-Lover-91935.html,https://fimgs.net/mdimg/perfume-thumbs/375x500.91935.jpg
Victoria's Secret Star Gazer,https://www.fragrantica.com/perfume/Victoria-s-Secret/Star-Gazer-91933.html,https://fimgs.net/mdimg/perfume-thumbs/375x500.91933.jpg
Victoria's Secret Wicked Dreamer fe,https://www.fragrantica.com/perfume/Victoria-s-Secret/Wicked-Dreamer-91934.html,https://fimgs.net/mdimg/perfume-thumbs/375x500.91934.jpg
Victoria's Secret Amber Romance Daydream fe,https://www.fragrantica.com/perfume/Victoria-s-Secret/Amber-Romance-Daydream-110929.html,https://fimgs.net/mdimg/perfume-thumbs/375x500.110929.jpg
Victoria's Secret Bare Vanilla Daydream fe,https://www.fragrantica.com/perfume/Victoria-s-Secret/Bare-Vanilla-Daydream-96479.html,https://fimgs.net/mdimg/perfume-thumbs/375x500.96479.jpg
Victoria's Secret Love Spell Daydream fe,https://www.fragrantica.com/perfume/Victoria-s-Secret/Love-Spell-Daydream-96485.html,https://fimgs.net/mdimg/perfume-thumbs/375x500.96485.jpg
Victoria's Secret Pure Seduction Daydream fe,https://www.fragrantica.com/perfume/Victoria-s-Secret/Pure-Seduction-Daydream-96484.html,https://fimgs.net/mdimg/perfume-thumbs/375x500.96484.jpg
Victoria's Secret Bare Vanilla Decadent fe,https://www.fragrantica.com/perfume/Victoria-s-Secret/Bare-Vanilla-Decadent-66546.html,https://fimgs.net/mdimg/perfume-thumbs/375x500.66546.jpg
Victoria's Secret Love Spell Decadent fe,https://www.fragrantica.com/perfume/Victoria-s-Secret/Love-Spell-Decadent-66547.html,https://fimgs.net/mdimg/perfume-thumbs/375x500.66547.jpg
Victoria's Secret Pure Seduction Decadent fe,https://www.fragrantica.com/perfume/Victoria-s-Secret/Pure-Seduction-Decadent-66545.html,https://fimgs.net/mdimg/perfume-thumbs/375x500.66545.jpg
Victoria's Secret Velvet Petals Decadent fe,https://www.fragrantica.com/perfume/Victoria-s-Secret/Velvet-Petals-Decadent-66548.html,https://fimgs.net/mdimg/perfume-thumbs/375x500.66548.jpg
Victoria's Secret Dim all the Lights fe,https://www.fragrantica.com/perfume/Victoria-s-Secret/Dim-all-the-Lights-52064.html,https://fimgs.net/mdimg/perfume-thumbs/375x500.52064.jpg
Victoria's Secret Glitter Hustle fe,https://www.fragrantica.com/perfume/Victoria-s-Secret/Glitter-Hustle-52067.html,https://fimgs.net/mdimg/perfume-thumbs/375x500.52067.jpg
Victoria's Secret Sequin Nights fe,https://www.fragrantica.com/perfume/Victoria-s-Secret/Sequin-Nights-52065.html,https://fimgs.net/mdimg/perfume-thumbs/375x500.52065.jpg
Victoria's Secret You Should Be Dancing fe,https://www.fragrantica.com/perfume/Victoria-s-Secret/You-Should-Be-Dancing-52066.html,https://fimgs.net/mdimg/perfume-thumbs/375x500.52066.jpg
Victoria's Secret Dream Angels Blush Eau de Parfum fe,https://www.fragrantica.com/perfume/Victoria-s-Secret/Dream-Angels-Blush-Eau-de-Parfum-18178.html,https://fimgs.net/mdimg/perfume-thumbs/375x500.18178.jpg
Victoria's Secret Dream Angels Desire fe,https://www.fragrantica.com/perfume/Victoria-s-Secret/Dream-Angels-Desire-3278.html,https://fimgs.net/mdimg/perfume-thumbs/375x500.3278.jpg
Victoria's Secret Dream Angels Divine fe,https://www.fragrantica.com/perfume/Victoria-s-Secret/Dream-Angels-Divine-3279.html,https://fimgs.net/mdimg/perfume-thumbs/375x500.3279.jpg
Victoria's Secret Dream Angels Forever fe,https://www.fragrantica.com/perfume/Victoria-s-Secret/Dream-Angels-Forever-12131.html,https://fimgs.net/mdimg/perfume-thumbs/375x500.12131.jpg
Victoria's Secret Dream Angels Glow fe,https://www.fragrantica.com/perfume/Victoria-s-Secret/Dream-Angels-Glow-16003.html,https://fimgs.net/mdimg/perfume-thumbs/375x500.16003.jpg
Victoria's Secret Dream Angels Halo fe,https://www.fragrantica.com/perfume/Victoria-s-Secret/Dream-Angels-Halo-2863.html,https://fimgs.net/mdimg/perfume-thumbs/375x500.2863.jpg
Victoria's Secret Dream Angels Heavenly fe,https://www.fragrantica.com/perfume/Victoria-s-Secret/Dream-Angels-Heavenly-1732.html,https://fimgs.net/mdimg/perfume-thumbs/375x500.1732.jpg
Victoria's Secret Dream Angels Heavenly Bloom fe,https://www.fragrantica.com/perfume/Victoria-s-Secret/Dream-Angels-Heavenly-Bloom-5826.html,https://fimgs.net/mdimg/perfume-thumbs/375x500.5826.jpg
Victoria's Secret Dream Angels Heavenly Eau de Parfum fe,https://www.fragrantica.com/perfume/Victoria-s-Secret/Dream-Angels-Heavenly-Eau-de-Parfum-18176.html,https://fimgs.net/mdimg/perfume-thumbs/375x500.18176.jpg
Victoria's Secret Dream Angels Heavenly Enchanted fe,https://www.fragrantica.com/perfume/Victoria-s-Secret/Dream-Angels-Heavenly-Enchanted-6888.html,https://fimgs.net/mdimg/perfume-thumbs/375x500.6888.jpg
Victoria's Secret Dream Angels Heavenly Flowers fe,https://www.fragrantica.com/perfume/Victoria-s-Secret/Dream-Angels-Heavenly-Flowers-8558.html,https://fimgs.net/mdimg/perfume-thumbs/375x500.8558.jpg
Victoria's Secret Dream Angels Heavenly Gold Edition fe,https://www.fragrantica.com/perfume/Victoria-s-Secret/Dream-Angels-Heavenly-Gold-Edition-4777.html,https://fimgs.net/mdimg/perfume-thumbs/375x500.4777.jpg
Victoria's Secret Dream Angels Heavenly Shine fe,https://www.fragrantica.com/perfume/Victoria-s-Secret/Dream-Angels-Heavenly-Shine-13966.html,https://fimgs.net/mdimg/perfume-thumbs/375x500.13966.jpg
Victoria's Secret Dream Angels Heavenly Stardust fe,https://www.fragrantica.com/perfume/Victoria-s-Secret/Dream-Angels-Heavenly-Stardust-10784.html,https://fimgs.net/mdimg/perfume-thumbs/375x500.10784.jpg
Victoria's Secret Dream Angels Heavenly Summer fe,https://www.fragrantica.com/perfume/Victoria-s-Secret/Dream-Angels-Heavenly-Summer-12223.html,https://fimgs.net/mdimg/perfume-thumbs/375x500.12223.jpg
Victoria's Secret Dream Angels Kiss Eau de Parfum fe,https://www.fragrantica.com/perfume/Victoria-s-Secret/Dream-Angels-Kiss-Eau-de-Parfum-18177.html,https://fimgs.net/mdimg/perfume-thumbs/375x500.18177.jpg
Victoria's Secret Dream Angels Wish fe,https://www.fragrantica.com/perfume/Victoria-s-Secret/Dream-Angels-Wish-4819.html,https://fimgs.net/mdimg/perfume-thumbs/375x500.4819.jpg
Victoria's Secret Heavenly Kiss fe,https://www.fragrantica.com/perfume/Victoria-s-Secret/Heavenly-Kiss-3272.html,https://fimgs.net/mdimg/perfume-thumbs/375x500.3272.jpg
Victoria's Secret Heavenly Luxe Edition fe,https://www.fragrantica.com/perfume/Victoria-s-Secret/Heavenly-Luxe-Edition-28798.html,https://fimgs.net/mdimg/perfume-thumbs/375x500.28798.jpg
Victoria's Secret Eau So Party fe,https://www.fragrantica.com/perfume/Victoria-s-Secret/Eau-So-Party-42705.html,https://fimgs.net/mdimg/perfume-thumbs/375x500.42705.jpg
Victoria's Secret Eau So Sexy fe,https://www.fragrantica.com/perfume/Victoria-s-Secret/Eau-So-Sexy-26453.html,https://fimgs.net/mdimg/perfume-thumbs/375x500.26453.jpg
Victoria's Secret Berry Elixir No. 16 fe,https://www.fragrantica.com/perfume/Victoria-s-Secret/Berry-Elixir-No-16-83974.html,https://fimgs.net/mdimg/perfume-thumbs/375x500.83974.jpg
Victoria's Secret Cherry Elixir No. 33 fe,https://www.fragrantica.com/perfume/Victoria-s-Secret/Cherry-Elixir-No-33-83972.html,https://fimgs.net/mdimg/perfume-thumbs/375x500.83972.jpg
Victoria's Secret Fleur Elixir No. 07 fe,https://www.fragrantica.com/perfume/Victoria-s-Secret/Fleur-Elixir-No-07-83973.html,https://fimgs.net/mdimg/perfume-thumbs/375x500.83973.jpg
Victoria's Secret Rouge Elixir No. 02 fe,https://www.fragrantica.com/perfume/Victoria-s-Secret/Rouge-Elixir-No-02-83975.html,https://fimgs.net/mdimg/perfume-thumbs/375x500.83975.jpg
Victoria's Secret Autumn Blossom fe,https://www.fragrantica.com/perfume/Victoria-s-Secret/Autumn-Blossom-89082.html,https://fimgs.net/mdimg/perfume-thumbs/375x500.89082.jpg
Victoria's Secret Harvest Moon Gaze fe,https://www.fragrantica.com/perfume/Victoria-s-Secret/Harvest-Moon-Gaze-70968.html,https://fimgs.net/mdimg/perfume-thumbs/375x500.70968.jpg
Victoria's Secret Lost In A Daydream fe,https://www.fragrantica.com/perfume/Victoria-s-Secret/Lost-In-A-Daydream-70969.html,https://fimgs.net/mdimg/perfume-thumbs/375x500.70969.jpg
Victoria's Secret Sliver Of Sun fe,https://www.fragrantica.com/perfume/Victoria-s-Secret/Sliver-Of-Sun-70966.html,https://fimgs.net/mdimg/perfume-thumbs/375x500.70966.jpg
Victoria's Secret Wander The Meadow fe,https://www.fragrantica.com/perfume/Victoria-s-Secret/Wander-The-Meadow-70967.html,https://fimgs.net/mdimg/perfume-thumbs/375x500.70967.jpg
Victoria's Secret Jasmine Cassis fe,https://www.fragrantica.com/perfume/Victoria-s-Secret/Jasmine-Cassis-70964.html,https://fimgs.net/mdimg/perfume-thumbs/375x500.70964.jpg
Victoria's Secret Orchid Santal fe,https://www.fragrantica.com/perfume/Victoria-s-Secret/Orchid-Santal-70963.html,https://fimgs.net/mdimg/perfume-thumbs/375x500.70963.jpg
Victoria's Secret Patchouli Rose fe,https://www.fragrantica.com/perfume/Victoria-s-Secret/Patchouli-Rose-70962.html,https://fimgs.net/mdimg/perfume-thumbs/375x500.70962.jpg
Victoria's Secret Violet Lily fe,https://www.fragrantica.com/perfume/Victoria-s-Secret/Violet-Lily-70965.html,https://fimgs.net/mdimg/perfume-thumbs/375x500.70965.jpg
Victoria's Secret Aquatic Allure fe,https://www.fragrantica.com/perfume/Victoria-s-Secret/Aquatic-Allure-121857.html,https://fimgs.net/mdimg/perfume-thumbs/375x500.121857.jpg
Victoria's Secret Cool Blooms fe,https://www.fragrantica.com/perfume/Victoria-s-Secret/Cool-Blooms-121858.html,https://fimgs.net/mdimg/perfume-thumbs/375x500.121858.jpg
Victoria's Secret Jasmine Rainfall fe,https://www.fragrantica.com/perfume/Victoria-s-Secret/Jasmine-Rainfall-121859.html,https://fimgs.net/mdimg/perfume-thumbs/375x500.121859.jpg
Victoria's Secret Lush Air fe,https://www.fragrantica.com/perfume/Victoria-s-Secret/Lush-Air-121860.html,https://fimgs.net/mdimg/perfume-thumbs/375x500.121860.jpg
Victoria's Secret Peony Amber fe,https://www.fragrantica.com/perfume/Victoria-s-Secret/Peony-Amber-121853.html,https://fimgs.net/mdimg/perfume-thumbs/375x500.121853.jpg
Victoria's Secret Shimmering Shores fe,https://www.fragrantica.com/perfume/Victoria-s-Secret/Shimmering-Shores-121855.html,https://fimgs.net/mdimg/perfume-thumbs/375x500.121855.jpg
Victoria's Secret Summer In the Sun fe,https://www.fragrantica.com/perfume/Victoria-s-Secret/Summer-In-the-Sun-121863.html,https://fimgs.net/mdimg/perfume-thumbs/375x500.121863.jpg
Victoria's Secret Surf On the Waves fe,https://www.fragrantica.com/perfume/Victoria-s-Secret/Surf-On-the-Waves-121864.html,https://fimgs.net/mdimg/perfume-thumbs/375x500.121864.jpg
Victoria's Secret Warm Horizon fe,https://www.fragrantica.com/perfume/Victoria-s-Secret/Warm-Horizon-121861.html,https://fimgs.net/mdimg/perfume-thumbs/375x500.121861.jpg
Victoria's Secret Whispering Waves fe,https://www.fragrantica.com/perfume/Victoria-s-Secret/Whispering-Waves-121856.html,https://fimgs.net/mdimg/perfume-thumbs/375x500.121856.jpg
Victoria's Secret Aqua Kiss Unwrapped fe,https://www.fragrantica.com/perfume/Victoria-s-Secret/Aqua-Kiss-Unwrapped-89079.html,https://fimgs.net/mdimg/perfume-thumbs/375x500.89079.jpg
Victoria's Secret Aqua Kiss Water Blooms fe,https://www.fragrantica.com/perfume/Victoria-s-Secret/Aqua-Kiss-Water-Blooms-89080.html,https://fimgs.net/mdimg/perfume-thumbs/375x500.89080.jpg
Victoria's Secret At First Sight fe,https://www.fragrantica.com/perfume/Victoria-s-Secret/At-First-Sight-89081.html,https://fimgs.net/mdimg/perfume-thumbs/375x500.89081.jpg
Victoria's Secret Autumn Shore fe,https://www.fragrantica.com/perfume/Victoria-s-Secret/Autumn-Shore-84639.html,https://fimgs.net/mdimg/perfume-thumbs/375x500.84639.jpg
Victoria's Secret Backstage Angel fe,https://www.fragrantica.com/perfume/Victoria-s-Secret/Backstage-Angel-89083.html,https://fimgs.net/mdimg/perfume-thumbs/375x500.89083.jpg
Victoria's Secret Bali Coconut Palm fe,https://www.fragrantica.com/perfume/Victoria-s-Secret/Bali-Coconut-Palm-89084.html,https://fimgs.net/mdimg/perfume-thumbs/375x500.89084.jpg
Victoria's Secret Bamboo Coast female,https://www.fragrantica.com/perfume/Victoria-s-Secret/Bamboo-Coast-89085.html,https://fimgs.net/mdimg/perfume-thumbs/375x500.89085.jpg
Victoria's Secret Bamboo Frost fe,https://www.fragrantica.com/perfume/Victoria-s-Secret/Bamboo-Frost-89086.html,https://fimgs.net/mdimg/perfume-thumbs/375x500.89086.jpg
Victoria's Secret Bare Vanilla Frosted fe,https://www.fragrantica.com/perfume/Victoria-s-Secret/Bare-Vanilla-Frosted-89088.html,https://fimgs.net/mdimg/perfume-thumbs/375x500.89088.jpg
Victoria's Secret Bare Vanilla Golden fe,https://www.fragrantica.com/perfume/Victoria-s-Secret/Bare-Vanilla-Golden-89089.html,https://fimgs.net/mdimg/perfume-thumbs/375x500.89089.jpg
Victoria's Secret Bare Vanilla Heat fe,https://www.fragrantica.com/perfume/Victoria-s-Secret/Bare-Vanilla-Heat-89090.html,https://fimgs.net/mdimg/perfume-thumbs/375x500.89090.jpg
Victoria's Secret Bare Vanilla In Bloom fe,https://www.fragrantica.com/perfume/Victoria-s-Secret/Bare-Vanilla-In-Bloom-89091.html,https://fimgs.net/mdimg/perfume-thumbs/375x500.89091.jpg
Victoria's Secret Bare Vanilla Luxe fe,https://www.fragrantica.com/perfume/Victoria-s-Secret/Bare-Vanilla-Luxe-89092.html,https://fimgs.net/mdimg/perfume-thumbs/375x500.89092.jpg
Victoria's Secret Bare Vanilla Shimmer,https://www.fragrantica.com/perfume/Victoria-s-Secret/Bare-Vanilla-Shimmer-89093.html,https://fimgs.net/mdimg/perfume-thumbs/375x500.89093.jpg
Victoria's Secret Basic Instinct fe,https://www.fragrantica.com/perfume/Victoria-s-Secret/Basic-Instinct-89095.html,https://fimgs.net/mdimg/perfume-thumbs/375x500.89095.jpg
Victoria's Secret Be My Wish fe,https://www.fragrantica.com/perfume/Victoria-s-Secret/Be-My-Wish-89097.html,https://fimgs.net/mdimg/perfume-thumbs/375x500.89097.jpg
Victoria's Secret Be Seduced fe,https://www.fragrantica.com/perfume/Victoria-s-Secret/Be-Seduced-89098.html,https://fimgs.net/mdimg/perfume-thumbs/375x500.89098.jpg
Victoria's Secret Beach fe,https://www.fragrantica.com/perfume/Victoria-s-Secret/Beach-89099.html,https://fimgs.net/mdimg/perfume-thumbs/375x500.89099.jpg
Victoria's Secret Beach Angel Summer Edition fe,https://www.fragrantica.com/perfume/Victoria-s-Secret/Beach-Angel-Summer-Edition-89100.html,https://fimgs.net/mdimg/perfume-thumbs/375x500.89100.jpg
Victoria's Secret Beach Chill fe,https://www.fragrantica.com/perfume/Victoria-s-Secret/Beach-Chill-84640.html,https://fimgs.net/mdimg/perfume-thumbs/375x500.84640.jpg
Victoria's Secret Beach Dreams fe,https://www.fragrantica.com/perfume/Victoria-s-Secret/Beach-Dreams-89101.html,https://fimgs.net/mdimg/perfume-thumbs/375x500.89101.jpg
Victoria's Secret Beach Dreams Forever fe,https://www.fragrantica.com/perfume/Victoria-s-Secret/Beach-Dreams-Forever-89102.html,https://fimgs.net/mdimg/perfume-thumbs/375x500.89102.jpg
Victoria's Secret Beach Love fe,https://www.fragrantica.com/perfume/Victoria-s-Secret/Beach-Love-89103.html,https://fimgs.net/mdimg/perfume-thumbs/375x500.89103.jpg
Victoria's Secret Bellini On The Breeze fe,https://www.fragrantica.com/perfume/Victoria-s-Secret/Bellini-On-The-Breeze-89107.html,https://fimgs.net/mdimg/perfume-thumbs/375x500.89107.jpg
Victoria's Secret Berry Kiss fe,https://www.fragrantica.com/perfume/Victoria-s-Secret/Berry-Kiss-89110.html,https://fimgs.net/mdimg/perfume-thumbs/375x500.89110.jpg
Victoria's Secret Berry Santal fe,https://www.fragrantica.com/perfume/Victoria-s-Secret/Berry-Santal-88940.html,https://fimgs.net/mdimg/perfume-thumbs/375x500.88940.jpg
Victoria's Secret Blackberry Bite fe,https://www.fragrantica.com/perfume/Victoria-s-Secret/Blackberry-Bite-81986.html,https://fimgs.net/mdimg/perfume-thumbs/375x500.81986.jpg
Victoria's Secret Bright Mariposa Apricot fe,https://www.fragrantica.com/perfume/Victoria-s-Secret/Bright-Mariposa-Apricot-95230.html,https://fimgs.net/mdimg/perfume-thumbs/375x500.95230.jpg
Victoria's Secret Bright Musk fe,https://www.fragrantica.com/perfume/Victoria-s-Secret/Bright-Musk-114753.html,https://fimgs.net/mdimg/perfume-thumbs/375x500.114753.jpg
Victoria's Secret Brilliant Cherry Blossom fe,https://www.fragrantica.com/perfume/Victoria-s-Secret/Brilliant-Cherry-Blossom-121775.html,https://fimgs.net/mdimg/perfume-thumbs/375x500.121775.jpg
Victoria's Secret Cabana in the Sand fe,https://www.fragrantica.com/perfume/Victoria-s-Secret/Cabana-in-the-Sand-114695.html,https://fimgs.net/mdimg/perfume-thumbs/375x500.114695.jpg
Victoria's Secret Cactus Water fe,https://www.fragrantica.com/perfume/Victoria-s-Secret/Cactus-Water-114697.html,https://fimgs.net/mdimg/perfume-thumbs/375x500.114697.jpg
Victoria's Secret Canyon Flora fe,https://www.fragrantica.com/perfume/Victoria-s-Secret/Canyon-Flora-93377.html,https://fimgs.net/mdimg/perfume-thumbs/375x500.93377.jpg
Victoria's Secret Captivated fe,https://www.fragrantica.com/perfume/Victoria-s-Secret/Captivated-114702.html,https://fimgs.net/mdimg/perfume-thumbs/375x500.114702.jpg
Victoria's Secret Cedar Breeze female,https://www.fragrantica.com/perfume/Victoria-s-Secret/Cedar-Breeze-84642.html,https://fimgs.net/mdimg/perfume-thumbs/375x500.84642.jpg
Victoria's Secret Charmed fe,https://www.fragrantica.com/perfume/Victoria-s-Secret/Charmed-114703.html,https://fimgs.net/mdimg/perfume-thumbs/375x500.114703.jpg
Victoria's Secret Cheers Again fe,https://www.fragrantica.com/perfume/Victoria-s-Secret/Cheers-Again-114706.html,https://fimgs.net/mdimg/perfume-thumbs/375x500.114706.jpg
Victoria's Secret Coastal Bloom fe,https://www.fragrantica.com/perfume/Victoria-s-Secret/Coastal-Bloom-114710.html,https://fimgs.net/mdimg/perfume-thumbs/375x500.114710.jpg
Victoria's Secret Coconut Passion fe,https://www.fragrantica.com/perfume/Victoria-s-Secret/Coconut-Passion-114727.html,https://fimgs.net/mdimg/perfume-thumbs/375x500.114727.jpg
Victoria's Secret Coconut Passion Shimmer fe,https://www.fragrantica.com/perfume/Victoria-s-Secret/Coconut-Passion-Shimmer-114728.html,https://fimgs.net/mdimg/perfume-thumbs/375x500.114728.jpg
Victoria's Secret Coconut Passion Sunkissed fe,https://www.fragrantica.com/perfume/Victoria-s-Secret/Coconut-Passion-Sunkissed-114729.html,https://fimgs.net/mdimg/perfume-thumbs/375x500.114729.jpg
Victoria's Secret Crystal Kiss fe,https://www.fragrantica.com/perfume/Victoria-s-Secret/Crystal-Kiss-121711.html,https://fimgs.net/mdimg/perfume-thumbs/375x500.121711.jpg
Victoria's Secret Daisy Haze fe,https://www.fragrantica.com/perfume/Victoria-s-Secret/Daisy-Haze-114734.html,https://fimgs.net/mdimg/perfume-thumbs/375x500.114734.jpg
Victoria's Secret Dark Orchid fe,https://www.fragrantica.com/perfume/Victoria-s-Secret/Dark-Orchid-114735.html,https://fimgs.net/mdimg/perfume-thumbs/375x500.114735.jpg
Victoria's Secret Dazzling Kiss fe,https://www.fragrantica.com/perfume/Victoria-s-Secret/Dazzling-Kiss-114736.html,https://fimgs.net/mdimg/perfume-thumbs/375x500.114736.jpg
Victoria's Secret Delicate Petals fe,https://www.fragrantica.com/perfume/Victoria-s-Secret/Delicate-Petals-114737.html,https://fimgs.net/mdimg/perfume-thumbs/375x500.114737.jpg
Victoria's Secret Desert Sky fe,https://www.fragrantica.com/perfume/Victoria-s-Secret/Desert-Sky-114739.html,https://fimgs.net/mdimg/perfume-thumbs/375x500.114739.jpg
Victoria's Secret Dream fe,https://www.fragrantica.com/perfume/Victoria-s-Secret/Dream-114742.html,https://fimgs.net/mdimg/perfume-thumbs/375x500.114742.jpg
Victoria's Secret Dream Angel fe,https://www.fragrantica.com/perfume/Victoria-s-Secret/Dream-Angel-114743.html,https://fimgs.net/mdimg/perfume-thumbs/375x500.114743.jpg
Victoria's Secret Dream Angels Desire fe,https://www.fragrantica.com/perfume/Victoria-s-Secret/Dream-Angels-Desire-114741.html,https://fimgs.net/mdimg/perfume-thumbs/375x500.114741.jpg
Victoria's Secret Enchanted Apple fe,https://www.fragrantica.com/perfume/Victoria-s-Secret/Enchanted-Apple-114744.html,https://fimgs.net/mdimg/perfume-thumbs/375x500.114744.jpg
Victoria's Secret Enchanted Nights No. 23 fe,https://www.fragrantica.com/perfume/Victoria-s-Secret/Enchanted-Nights-No-23-114745.html,https://fimgs.net/mdimg/perfume-thumbs/375x500.114745.jpg
Victoria's Secret Endless Love fe,https://www.fragrantica.com/perfume/Victoria-s-Secret/Endless-Love-114746.html,https://fimgs.net/mdimg/perfume-thumbs/375x500.114746.jpg
Victoria's Secret Escape fe,https://www.fragrantica.com/perfume/Victoria-s-Secret/Escape-114747.html,https://fimgs.net/mdimg/perfume-thumbs/375x500.114747.jpg
Victoria's Secret Fabulous fe,https://www.fragrantica.com/perfume/Victoria-s-Secret/Fabulous-114749.html,https://fimgs.net/mdimg/perfume-thumbs/375x500.114749.jpg
Victoria's Secret Fearless fe,https://www.fragrantica.com/perfume/Victoria-s-Secret/Fearless-114750.html,https://fimgs.net/mdimg/perfume-thumbs/375x500.114750.jpg
Victoria's Secret Floral Boom fe,https://www.fragrantica.com/perfume/Victoria-s-Secret/Floral-Boom-114752.html,https://fimgs.net/mdimg/perfume-thumbs/375x500.114752.jpg
Victoria's Secret Floral Morning Dream fe,https://www.fragrantica.com/perfume/Victoria-s-Secret/Floral-Morning-Dream-90606.html,https://fimgs.net/mdimg/perfume-thumbs/375x500.90606.jpg
Victoria's Secret Floral Musk,https://www.fragrantica.com/perfume/Victoria-s-Secret/Floral-Musk-114755.html,https://fimgs.net/mdimg/perfume-thumbs/375x500.114755.jpg
Victoria's Secret Frosted Bloom fe,https://www.fragrantica.com/perfume/Victoria-s-Secret/Frosted-Bloom-121712.html,https://fimgs.net/mdimg/perfume-thumbs/375x500.121712.jpg
Victoria's Secret Frostmelt fe,https://www.fragrantica.com/perfume/Victoria-s-Secret/Frostmelt-87408.html,https://fimgs.net/mdimg/perfume-thumbs/375x500.87408.jpg
Victoria's Secret Garden View,https://www.fragrantica.com/perfume/Victoria-s-Secret/Garden-View-81955.html,https://fimgs.net/mdimg/perfume-thumbs/375x500.81955.jpg
Victoria's Secret Island Market,https://www.fragrantica.com/perfume/Victoria-s-Secret/Island-Market-81956.html,https://fimgs.net/mdimg/perfume-thumbs/375x500.81956.jpg
Victoria's Secret Jasmine Woods fe,https://www.fragrantica.com/perfume/Victoria-s-Secret/Jasmine-Woods-114760.html,https://fimgs.net/mdimg/perfume-thumbs/375x500.114760.jpg
Victoria's Secret Love Rush fe,https://www.fragrantica.com/perfume/Victoria-s-Secret/Love-Rush-121706.html,https://fimgs.net/mdimg/perfume-thumbs/375x500.121706.jpg
Victoria's Secret Lush Orchid Amber fe,https://www.fragrantica.com/perfume/Victoria-s-Secret/Lush-Orchid-Amber-121777.html,https://fimgs.net/mdimg/perfume-thumbs/375x500.121777.jpg
Victoria's Secret Melon Drench fe,https://www.fragrantica.com/perfume/Victoria-s-Secret/Melon-Drench-97997.html,https://fimgs.net/mdimg/perfume-thumbs/375x500.97997.jpg
Victoria's Secret Merlot Pear fe,https://www.fragrantica.com/perfume/Victoria-s-Secret/Merlot-Pear-88942.html,https://fimgs.net/mdimg/perfume-thumbs/375x500.88942.jpg
Victoria's Secret Neroli Bergamot fe,https://www.fragrantica.com/perfume/Victoria-s-Secret/Neroli-Bergamot-121852.html,https://fimgs.net/mdimg/perfume-thumbs/375x500.121852.jpg
Victoria's Secret Nightsip fe,https://www.fragrantica.com/perfume/Victoria-s-Secret/Nightsip-87406.html,https://fimgs.net/mdimg/perfume-thumbs/375x500.87406.jpg
Victoria's Secret Pear Glacé fe,https://www.fragrantica.com/perfume/Victoria-s-Secret/Pear-Glace-121770.html,https://fimgs.net/mdimg/perfume-thumbs/375x500.121770.jpg
Victoria's Secret Pineapple & Shea Glow fe,https://www.fragrantica.com/perfume/Victoria-s-Secret/Pineapple-Shea-Glow-93218.html,https://fimgs.net/mdimg/perfume-thumbs/375x500.93218.jpg
Victoria's Secret Pom L'Orange fe,https://www.fragrantica.com/perfume/Victoria-s-Secret/Pom-L-Orange-88943.html,https://fimgs.net/mdimg/perfume-thumbs/375x500.88943.jpg
Victoria's Secret Private Sundeck,https://www.fragrantica.com/perfume/Victoria-s-Secret/Private-Sundeck-81957.html,https://fimgs.net/mdimg/perfume-thumbs/375x500.81957.jpg
Victoria's Secret Pure Seduction Splash fe,https://www.fragrantica.com/perfume/Victoria-s-Secret/Pure-Seduction-Splash-81985.html,https://fimgs.net/mdimg/perfume-thumbs/375x500.81985.jpg
Victoria's Secret Rodeo Nights fe,https://www.fragrantica.com/perfume/Victoria-s-Secret/Rodeo-Nights-96621.html,https://fimgs.net/mdimg/perfume-thumbs/375x500.96621.jpg
Victoria's Secret Rose Dusk fe,https://www.fragrantica.com/perfume/Victoria-s-Secret/Rose-Dusk-114762.html,https://fimgs.net/mdimg/perfume-thumbs/375x500.114762.jpg
Victoria's Secret Ruby Rosé fe,https://www.fragrantica.com/perfume/Victoria-s-Secret/Ruby-Rose-88941.html,https://fimgs.net/mdimg/perfume-thumbs/375x500.88941.jpg
Victoria's Secret Santal Star,https://www.fragrantica.com/perfume/Victoria-s-Secret/Santal-Star-114761.html,https://fimgs.net/mdimg/perfume-thumbs/375x500.114761.jpg
Victoria's Secret Sky Bright fe,https://www.fragrantica.com/perfume/Victoria-s-Secret/Sky-Bright-121707.html,https://fimgs.net/mdimg/perfume-thumbs/375x500.121707.jpg
Victoria's Secret Starlit Wish fe,https://www.fragrantica.com/perfume/Victoria-s-Secret/Starlit-Wish-121713.html,https://fimgs.net/mdimg/perfume-thumbs/375x500.121713.jpg
Victoria's Secret Strawberries & Champagne fe,https://www.fragrantica.com/perfume/Victoria-s-Secret/Strawberries-Champagne-121849.html,https://fimgs.net/mdimg/perfume-thumbs/375x500.121849.jpg
Victoria's Secret Sun Blissed fe,https://www.fragrantica.com/perfume/Victoria-s-Secret/Sun-Blissed-121708.html,https://fimgs.net/mdimg/perfume-thumbs/375x500.121708.jpg
Victoria's Secret Sunrise Waves fe,https://www.fragrantica.com/perfume/Victoria-s-Secret/Sunrise-Waves-84641.html,https://fimgs.net/mdimg/perfume-thumbs/375x500.84641.jpg
Victoria's Secret Vanilla Bean & Macadamia Indulge fe,https://www.fragrantica.com/perfume/Victoria-s-Secret/Vanilla-Bean-Macadamia-Indulge-110928.html,https://fimgs.net/mdimg/perfume-thumbs/375x500.110928.jpg
Victoria's Secret Vanilla Blooms,https://www.fragrantica.com/perfume/Victoria-s-Secret/Vanilla-Blooms-114759.html,https://fimgs.net/mdimg/perfume-thumbs/375x500.114759.jpg
Victoria's Secret Velvet Musk,https://www.fragrantica.com/perfume/Victoria-s-Secret/Velvet-Musk-114756.html,https://fimgs.net/mdimg/perfume-thumbs/375x500.114756.jpg
Victoria's Secret Vibrant Blooming Passionfruit fe,https://www.fragrantica.com/perfume/Victoria-s-Secret/Vibrant-Blooming-Passionfruit-121778.html,https://fimgs.net/mdimg/perfume-thumbs/375x500.121778.jpg
Victoria's Secret Wild Flower fe,https://www.fragrantica.com/perfume/Victoria-s-Secret/Wild-Flower-73669.html,https://fimgs.net/mdimg/perfume-thumbs/375x500.73669.jpg
Victoria's Secret Wonderland Woods 2023 fe,https://www.fragrantica.com/perfume/Victoria-s-Secret/Wonderland-Woods-2023-91952.html,https://fimgs.net/mdimg/perfume-thumbs/375x500.91952.jpg
Victoria's Secret Açai Berry & Magnolia fe,https://www.fragrantica.com/perfume/Victoria-s-Secret/Acai-Berry-Magnolia-70350.html,https://fimgs.net/mdimg/perfume-thumbs/375x500.70350.jpg
Victoria's Secret Blackberry & Tonka Bean fe,https://www.fragrantica.com/perfume/Victoria-s-Secret/Blackberry-Tonka-Bean-70345.html,https://fimgs.net/mdimg/perfume-thumbs/375x500.70345.jpg
Victoria's Secret Goji Berry & Mango fe,https://www.fragrantica.com/perfume/Victoria-s-Secret/Goji-Berry-Mango-70351.html,https://fimgs.net/mdimg/perfume-thumbs/375x500.70351.jpg
Victoria's Secret Grapefruit Lime & Mint fe,https://www.fragrantica.com/perfume/Victoria-s-Secret/Grapefruit-Lime-Mint-70347.html,https://fimgs.net/mdimg/perfume-thumbs/375x500.70347.jpg
Victoria's Secret Hibiscus & Yumberry fe,https://www.fragrantica.com/perfume/Victoria-s-Secret/Hibiscus-Yumberry-70352.html,https://fimgs.net/mdimg/perfume-thumbs/375x500.70352.jpg
Victoria's Secret Honesuckley & White Patchouli fe,https://www.fragrantica.com/perfume/Victoria-s-Secret/Honesuckley-White-Patchouli-70348.html,https://fimgs.net/mdimg/perfume-thumbs/375x500.70348.jpg
Victoria's Secret Vanilla & Sandalwood fe,https://www.fragrantica.com/perfume/Victoria-s-Secret/Vanilla-Sandalwood-70344.html,https://fimgs.net/mdimg/perfume-thumbs/375x500.70344.jpg
Victoria's Secret Violet & Jasmine fe,https://www.fragrantica.com/perfume/Victoria-s-Secret/Violet-Jasmine-70349.html,https://fimgs.net/mdimg/perfume-thumbs/375x500.70349.jpg
Victoria's Secret Bright Palm fe,https://www.fragrantica.com/perfume/Victoria-s-Secret/Bright-Palm-69539.html,https://fimgs.net/mdimg/perfume-thumbs/375x500.69539.jpg
Victoria's Secret Fresh Jade fe,https://www.fragrantica.com/perfume/Victoria-s-Secret/Fresh-Jade-69540.html,https://fimgs.net/mdimg/perfume-thumbs/375x500.69540.jpg
Victoria's Secret Marine Splash fe,https://www.fragrantica.com/perfume/Victoria-s-Secret/Marine-Splash-69538.html,https://fimgs.net/mdimg/perfume-thumbs/375x500.69538.jpg
Victoria's Secret Oasis Blooms fe,https://www.fragrantica.com/perfume/Victoria-s-Secret/Oasis-Blooms-69537.html,https://fimgs.net/mdimg/perfume-thumbs/375x500.69537.jpg
Victoria's Secret Love Spell Frosted fe,https://www.fragrantica.com/perfume/Victoria-s-Secret/Love-Spell-Frosted-91969.html,https://fimgs.net/mdimg/perfume-thumbs/375x500.91969.jpg
Victoria's Secret Pure Seduction Frosted fe,https://www.fragrantica.com/perfume/Victoria-s-Secret/Pure-Seduction-Frosted-91968.html,https://fimgs.net/mdimg/perfume-thumbs/375x500.91968.jpg
Victoria's Secret Velvet Petals Frosted fe,https://www.fragrantica.com/perfume/Victoria-s-Secret/Velvet-Petals-Frosted-91970.html,https://fimgs.net/mdimg/perfume-thumbs/375x500.91970.jpg
Victoria's Secret Berry Spill fe,https://www.fragrantica.com/perfume/Victoria-s-Secret/Berry-Spill-91956.html,https://fimgs.net/mdimg/perfume-thumbs/375x500.91956.jpg
Victoria's Secret Nectar Pulse fe,https://www.fragrantica.com/perfume/Victoria-s-Secret/Nectar-Pulse-91954.html,https://fimgs.net/mdimg/perfume-thumbs/375x500.91954.jpg
Victoria's Secret Petal Buzz fe,https://www.fragrantica.com/perfume/Victoria-s-Secret/Petal-Buzz-91955.html,https://fimgs.net/mdimg/perfume-thumbs/375x500.91955.jpg
Victoria's Secret Sugar Blur fe,https://www.fragrantica.com/perfume/Victoria-s-Secret/Sugar-Blur-91953.html,https://fimgs.net/mdimg/perfume-thumbs/375x500.91953.jpg
Victoria's Secret Ginger Apple Jewel fe,https://www.fragrantica.com/perfume/Victoria-s-Secret/Ginger-Apple-Jewel-89306.html,https://fimgs.net/mdimg/perfume-thumbs/375x500.89306.jpg
Victoria's Secret Santal Berry Silky fe,https://www.fragrantica.com/perfume/Victoria-s-Secret/Santal-Berry-Silky-89305.html,https://fimgs.net/mdimg/perfume-thumbs/375x500.89305.jpg
Victoria's Secret Sugar Plum Fig fe,https://www.fragrantica.com/perfume/Victoria-s-Secret/Sugar-Plum-Fig-89303.html,https://fimgs.net/mdimg/perfume-thumbs/375x500.89303.jpg
Victoria's Secret Vanilla Amber Bourbon fe,https://www.fragrantica.com/perfume/Victoria-s-Secret/Vanilla-Amber-Bourbon-89304.html,https://fimgs.net/mdimg/perfume-thumbs/375x500.89304.jpg
Victoria's Secret Radiant Berry fe,https://www.fragrantica.com/perfume/Victoria-s-Secret/Radiant-Berry-91940.html,https://fimgs.net/mdimg/perfume-thumbs/375x500.91940.jpg
Victoria's Secret Toasted Honey fe,https://www.fragrantica.com/perfume/Victoria-s-Secret/Toasted-Honey-91941.html,https://fimgs.net/mdimg/perfume-thumbs/375x500.91941.jpg
Victoria's Secret Vanilla Dusk fe,https://www.fragrantica.com/perfume/Victoria-s-Secret/Vanilla-Dusk-91942.html,https://fimgs.net/mdimg/perfume-thumbs/375x500.91942.jpg
Victoria's Secret Love Spell Heat fe,https://www.fragrantica.com/perfume/Victoria-s-Secret/Love-Spell-Heat-91972.html,https://fimgs.net/mdimg/perfume-thumbs/375x500.91972.jpg
Victoria's Secret Pure Seduction Heat fe,https://www.fragrantica.com/perfume/Victoria-s-Secret/Pure-Seduction-Heat-91971.html,https://fimgs.net/mdimg/perfume-thumbs/375x500.91971.jpg
Victoria's Secret Velvet Petals Heat fe,https://www.fragrantica.com/perfume/Victoria-s-Secret/Velvet-Petals-Heat-91973.html,https://fimgs.net/mdimg/perfume-thumbs/375x500.91973.jpg
Victoria's Secret Amaretto Fizz,https://www.fragrantica.com/perfume/Victoria-s-Secret/Amaretto-Fizz-84660.html,https://fimgs.net/mdimg/perfume-thumbs/375x500.84660.jpg
Victoria's Secret Flower Sorbet,https://www.fragrantica.com/perfume/Victoria-s-Secret/Flower-Sorbet-84659.html,https://fimgs.net/mdimg/perfume-thumbs/375x500.84659.jpg
Victoria's Secret Sparkling Creme fe,https://www.fragrantica.com/perfume/Victoria-s-Secret/Sparkling-Creme-84657.html,https://fimgs.net/mdimg/perfume-thumbs/375x500.84657.jpg
Victoria's Secret Sparkling Crème fe,https://www.fragrantica.com/perfume/Victoria-s-Secret/Sparkling-Creme-84661.html,https://fimgs.net/mdimg/perfume-thumbs/375x500.84661.jpg
Victoria's Secret Be My Wish fe,https://www.fragrantica.com/perfume/Victoria-s-Secret/Be-My-Wish-13686.html,https://fimgs.net/mdimg/perfume-thumbs/375x500.13686.jpg
Victoria's Secret Give Me Love fe,https://www.fragrantica.com/perfume/Victoria-s-Secret/Give-Me-Love-13685.html,https://fimgs.net/mdimg/perfume-thumbs/375x500.13685.jpg
Victoria's Secret With a Kiss Eau de Toilette fe,https://www.fragrantica.com/perfume/Victoria-s-Secret/With-a-Kiss-Eau-de-Toilette-13687.html,https://fimgs.net/mdimg/perfume-thumbs/375x500.13687.jpg
Victoria's Secret Heat Rave fe,https://www.fragrantica.com/perfume/Victoria-s-Secret/Heat-Rave-90553.html,https://fimgs.net/mdimg/perfume-thumbs/375x500.90553.jpg
Victoria's Secret Summer Daze fe,https://www.fragrantica.com/perfume/Victoria-s-Secret/Summer-Daze-90554.html,https://fimgs.net/mdimg/perfume-thumbs/375x500.90554.jpg
Victoria's Secret Amber Romance in Bloom fe,https://www.fragrantica.com/perfume/Victoria-s-Secret/Amber-Romance-in-Bloom-90575.html,https://fimgs.net/mdimg/perfume-thumbs/375x500.90575.jpg
Victoria's Secret Love Spell in Bloom fe,https://www.fragrantica.com/perfume/Victoria-s-Secret/Love-Spell-in-Bloom-90573.html,https://fimgs.net/mdimg/perfume-thumbs/375x500.90573.jpg
Victoria's Secret Pure Seduction in Bloom fe,https://www.fragrantica.com/perfume/Victoria-s-Secret/Pure-Seduction-in-Bloom-90572.html,https://fimgs.net/mdimg/perfume-thumbs/375x500.90572.jpg
Victoria's Secret Velvet Petals in Bloom fe,https://www.fragrantica.com/perfume/Victoria-s-Secret/Velvet-Petals-in-Bloom-90574.html,https://fimgs.net/mdimg/perfume-thumbs/375x500.90574.jpg
Victoria's Secret Coconut 24K fe,https://www.fragrantica.com/perfume/Victoria-s-Secret/Coconut-24K-75139.html,https://fimgs.net/mdimg/perfume-thumbs/375x500.75139.jpg
Victoria's Secret Banana Twist fe,https://www.fragrantica.com/perfume/Victoria-s-Secret/Banana-Twist-58425.html,https://fimgs.net/mdimg/perfume-thumbs/375x500.58425.jpg
Victoria's Secret Berry Splash fe,https://www.fragrantica.com/perfume/Victoria-s-Secret/Berry-Splash-60897.html,https://fimgs.net/mdimg/perfume-thumbs/375x500.60897.jpg
Victoria's Secret Coconut Craze fe,https://www.fragrantica.com/perfume/Victoria-s-Secret/Coconut-Craze-60896.html,https://fimgs.net/mdimg/perfume-thumbs/375x500.60896.jpg
Victoria's Secret Peach Squeeze fe,https://www.fragrantica.com/perfume/Victoria-s-Secret/Peach-Squeeze-60893.html,https://fimgs.net/mdimg/perfume-thumbs/375x500.60893.jpg
Victoria's Secret Pineapple Blast fe,https://www.fragrantica.com/perfume/Victoria-s-Secret/Pineapple-Blast-60895.html,https://fimgs.net/mdimg/perfume-thumbs/375x500.60895.jpg
Victoria's Secret Punchy Blooms fe,https://www.fragrantica.com/perfume/Victoria-s-Secret/Punchy-Blooms-60894.html,https://fimgs.net/mdimg/perfume-thumbs/375x500.60894.jpg
Victoria's Secret Shot of Coconut fe,https://www.fragrantica.com/perfume/Victoria-s-Secret/Shot-of-Coconut-65380.html,https://fimgs.net/mdimg/perfume-thumbs/375x500.65380.jpg
Victoria's Secret Splash of Berry fe,https://www.fragrantica.com/perfume/Victoria-s-Secret/Splash-of-Berry-65382.html,https://fimgs.net/mdimg/perfume-thumbs/375x500.65382.jpg
Victoria's Secret Squeeze of Pineapple fe,https://www.fragrantica.com/perfume/Victoria-s-Secret/Squeeze-of-Pineapple-65381.html,https://fimgs.net/mdimg/perfume-thumbs/375x500.65381.jpg
Victoria's Secret Twist of Watermelon fe,https://www.fragrantica.com/perfume/Victoria-s-Secret/Twist-of-Watermelon-65379.html,https://fimgs.net/mdimg/perfume-thumbs/375x500.65379.jpg
Victoria's Secret Bare Vanilla La Crème fe,https://www.fragrantica.com/perfume/Victoria-s-Secret/Bare-Vanilla-La-Creme-63866.html,https://fimgs.net/mdimg/perfume-thumbs/375x500.63866.jpg
Victoria's Secret Love Spell La Crème fe,https://www.fragrantica.com/perfume/Victoria-s-Secret/Love-Spell-La-Creme-66543.html,https://fimgs.net/mdimg/perfume-thumbs/375x500.66543.jpg
Victoria's Secret Pure Seduction La Crème fe,https://www.fragrantica.com/perfume/Victoria-s-Secret/Pure-Seduction-La-Creme-66542.html,https://fimgs.net/mdimg/perfume-thumbs/375x500.66542.jpg
Victoria's Secret Velvet Petals La Crème fe,https://www.fragrantica.com/perfume/Victoria-s-Secret/Velvet-Petals-La-Creme-66544.html,https://fimgs.net/mdimg/perfume-thumbs/375x500.66544.jpg
Victoria's Secret Don't Quit Your Day Dream fe,https://www.fragrantica.com/perfume/Victoria-s-Secret/Don-t-Quit-Your-Day-Dream-90569.html,https://fimgs.net/mdimg/perfume-thumbs/375x500.90569.jpg
Victoria's Secret Good Vibes or Goodbye fe,https://www.fragrantica.com/perfume/Victoria-s-Secret/Good-Vibes-or-Goodbye-90571.html,https://fimgs.net/mdimg/perfume-thumbs/375x500.90571.jpg
Victoria's Secret You Had Me At Escape fe,https://www.fragrantica.com/perfume/Victoria-s-Secret/You-Had-Me-At-Escape-90568.html,https://fimgs.net/mdimg/perfume-thumbs/375x500.90568.jpg
Victoria's Secret You Smell Like Sun Shine fe,https://www.fragrantica.com/perfume/Victoria-s-Secret/You-Smell-Like-Sun-Shine-90570.html,https://fimgs.net/mdimg/perfume-thumbs/375x500.90570.jpg
Victoria's Secret Life Is Pink Hope Pink fe,https://www.fragrantica.com/perfume/Victoria-s-Secret/Life-Is-Pink-Hope-Pink-7983.html,https://fimgs.net/mdimg/perfume-thumbs/375x500.7983.jpg
Victoria's Secret Life Is Pink Live Pink fe,https://www.fragrantica.com/perfume/Victoria-s-Secret/Life-Is-Pink-Live-Pink-7984.html,https://fimgs.net/mdimg/perfume-thumbs/375x500.7984.jpg
Victoria's Secret Life Is Pink Shine Pink fe,https://www.fragrantica.com/perfume/Victoria-s-Secret/Life-Is-Pink-Shine-Pink-9601.html,https://fimgs.net/mdimg/perfume-thumbs/375x500.9601.jpg
Victoria's Secret Life Is Pink Wish Pink fe,https://www.fragrantica.com/perfume/Victoria-s-Secret/Life-Is-Pink-Wish-Pink-7982.html,https://fimgs.net/mdimg/perfume-thumbs/375x500.7982.jpg
Victoria's Secret First Love fe,https://www.fragrantica.com/perfume/Victoria-s-Secret/First-Love-59188.html,https://fimgs.net/mdimg/perfume-thumbs/375x500.59188.jpg
Victoria's Secret Love Eau de Parfum fe,https://www.fragrantica.com/perfume/Victoria-s-Secret/Love-Eau-de-Parfum-46557.html,https://fimgs.net/mdimg/perfume-thumbs/375x500.46557.jpg
Victoria's Secret Love Star fe,https://www.fragrantica.com/perfume/Victoria-s-Secret/Love-Star-52248.html,https://fimgs.net/mdimg/perfume-thumbs/375x500.52248.jpg
Victoria's Secret Love to Dream fe,https://www.fragrantica.com/perfume/Victoria-s-Secret/Love-to-Dream-14369.html,https://fimgs.net/mdimg/perfume-thumbs/375x500.14369.jpg
Victoria's Secret Love to Flirt fe,https://www.fragrantica.com/perfume/Victoria-s-Secret/Love-to-Flirt-14371.html,https://fimgs.net/mdimg/perfume-thumbs/375x500.14371.jpg
Victoria's Secret Love to Kiss fe,https://www.fragrantica.com/perfume/Victoria-s-Secret/Love-to-Kiss-14370.html,https://fimgs.net/mdimg/perfume-thumbs/375x500.14370.jpg
Victoria's Secret Love Me fe,https://www.fragrantica.com/perfume/Victoria-s-Secret/Love-Me-29526.html,https://fimgs.net/mdimg/perfume-thumbs/375x500.29526.jpg
Victoria's Secret Love Me More fe,https://www.fragrantica.com/perfume/Victoria-s-Secret/Love-Me-More-35018.html,https://fimgs.net/mdimg/perfume-thumbs/375x500.35018.jpg
Victoria's Secret Blissful Garden fe,https://www.fragrantica.com/perfume/Victoria-s-Secret/Blissful-Garden-91949.html,https://fimgs.net/mdimg/perfume-thumbs/375x500.91949.jpg
Victoria's Secret Enchanted Peony fe,https://www.fragrantica.com/perfume/Victoria-s-Secret/Enchanted-Peony-91951.html,https://fimgs.net/mdimg/perfume-thumbs/375x500.91951.jpg
Victoria's Secret Heavenly Fruit fe,https://www.fragrantica.com/perfume/Victoria-s-Secret/Heavenly-Fruit-91948.html,https://fimgs.net/mdimg/perfume-thumbs/375x500.91948.jpg
Victoria's Secret Lunar Fruit fe,https://www.fragrantica.com/perfume/Victoria-s-Secret/Lunar-Fruit-91950.html,https://fimgs.net/mdimg/perfume-thumbs/375x500.91950.jpg
Victoria's Secret Royal Forest fe,https://www.fragrantica.com/perfume/Victoria-s-Secret/Royal-Forest-91947.html,https://fimgs.net/mdimg/perfume-thumbs/375x500.91947.jpg
Victoria's Secret Dark Peony fe,https://www.fragrantica.com/perfume/Victoria-s-Secret/Dark-Peony-65627.html,https://fimgs.net/mdimg/perfume-thumbs/375x500.65627.jpg
Victoria's Secret Jasmine Noir fe,https://www.fragrantica.com/perfume/Victoria-s-Secret/Jasmine-Noir-65626.html,https://fimgs.net/mdimg/perfume-thumbs/375x500.65626.jpg
Victoria's Secret Midnight Fleur fe,https://www.fragrantica.com/perfume/Victoria-s-Secret/Midnight-Fleur-65625.html,https://fimgs.net/mdimg/perfume-thumbs/375x500.65625.jpg
Victoria's Secret Moonlit Dahila fe,https://www.fragrantica.com/perfume/Victoria-s-Secret/Moonlit-Dahila-65628.html,https://fimgs.net/mdimg/perfume-thumbs/375x500.65628.jpg
Victoria's Secret Electric Mango fe,https://www.fragrantica.com/perfume/Victoria-s-Secret/Electric-Mango-93210.html,https://fimgs.net/mdimg/perfume-thumbs/375x500.93210.jpg
Victoria's Secret Neon Tropic fe,https://www.fragrantica.com/perfume/Victoria-s-Secret/Neon-Tropic-93213.html,https://fimgs.net/mdimg/perfume-thumbs/375x500.93213.jpg
Victoria's Secret Sizzling Vanilla fe,https://www.fragrantica.com/perfume/Victoria-s-Secret/Sizzling-Vanilla-93211.html,https://fimgs.net/mdimg/perfume-thumbs/375x500.93211.jpg
Victoria's Secret Wild Neroli fe,https://www.fragrantica.com/perfume/Victoria-s-Secret/Wild-Neroli-93212.html,https://fimgs.net/mdimg/perfume-thumbs/375x500.93212.jpg
Victoria's Secret Mood Yearn fe,https://www.fragrantica.com/perfume/Victoria-s-Secret/Mood-Yearn-1992.html,https://fimgs.net/mdimg/perfume-thumbs/375x500.1992.jpg
Victoria's Secret Succulent fe,https://www.fragrantica.com/perfume/Victoria-s-Secret/Succulent-1995.html,https://fimgs.net/mdimg/perfume-thumbs/375x500.1995.jpg
Victoria's Secret Sweet Craving fe,https://www.fragrantica.com/perfume/Victoria-s-Secret/Sweet-Craving-4422.html,https://fimgs.net/mdimg/perfume-thumbs/375x500.4422.jpg
Victoria's Secret Almond Blossom & Oat Milk Comfort fe,https://www.fragrantica.com/perfume/Victoria-s-Secret/Almond-Blossom-Oat-Milk-Comfort-70970.html,https://fimgs.net/mdimg/perfume-thumbs/375x500.70970.jpg
Victoria's Secret Coconut Milk & Rose Calm fe,https://www.fragrantica.com/perfume/Victoria-s-Secret/Coconut-Milk-Rose-Calm-70973.html,https://fimgs.net/mdimg/perfume-thumbs/375x500.70973.jpg
Victoria's Secret Cucumber & Green Tea Refresh fe,https://www.fragrantica.com/perfume/Victoria-s-Secret/Cucumber-Green-Tea-Refresh-70972.html,https://fimgs.net/mdimg/perfume-thumbs/375x500.70972.jpg
Victoria's Secret Jasmine Elderberry fe,https://www.fragrantica.com/perfume/Victoria-s-Secret/Jasmine-Elderberry-91958.html,https://fimgs.net/mdimg/perfume-thumbs/375x500.91958.jpg
Victoria's Secret Lavender & Vanilla Relax fe,https://www.fragrantica.com/perfume/Victoria-s-Secret/Lavender-Vanilla-Relax-70974.html,https://fimgs.net/mdimg/perfume-thumbs/375x500.70974.jpg
Victoria's Secret Mandarin & Honeysuckle fe,https://www.fragrantica.com/perfume/Victoria-s-Secret/Mandarin-Honeysuckle-91957.html,https://fimgs.net/mdimg/perfume-thumbs/375x500.91957.jpg
Victoria's Secret Pomegranate & Lotus Balance,https://www.fragrantica.com/perfume/Victoria-s-Secret/Pomegranate-Lotus-Balance-70971.html,https://fimgs.net/mdimg/perfume-thumbs/375x500.70971.jpg
Victoria's Secret Water Lily & Sea Salt fe,https://www.fragrantica.com/perfume/Victoria-s-Secret/Water-Lily-Sea-Salt-91959.html,https://fimgs.net/mdimg/perfume-thumbs/375x500.91959.jpg
Victoria's Secret Wild Fig Manuka Honey fe,https://www.fragrantica.com/perfume/Victoria-s-Secret/Wild-Fig-Manuka-Honey-91960.html,https://fimgs.net/mdimg/perfume-thumbs/375x500.91960.jpg
Victoria's Secret Coconut Twist fe,https://www.fragrantica.com/perfume/Victoria-s-Secret/Coconut-Twist-91944.html,https://fimgs.net/mdimg/perfume-thumbs/375x500.91944.jpg
Victoria's Secret Marine Chill fe,https://www.fragrantica.com/perfume/Victoria-s-Secret/Marine-Chill-91943.html,https://fimgs.net/mdimg/perfume-thumbs/375x500.91943.jpg
Victoria's Secret Peony Crush fe,https://www.fragrantica.com/perfume/Victoria-s-Secret/Peony-Crush-91946.html,https://fimgs.net/mdimg/perfume-thumbs/375x500.91946.jpg
Victoria's Secret Tropic Splash fe,https://www.fragrantica.com/perfume/Victoria-s-Secret/Tropic-Splash-91945.html,https://fimgs.net/mdimg/perfume-thumbs/375x500.91945.jpg
Victoria's Secret Electric Beach fe,https://www.fragrantica.com/perfume/Victoria-s-Secret/Electric-Beach-90547.html,https://fimgs.net/mdimg/perfume-thumbs/375x500.90547.jpg
Victoria's Secret Jungle Lily fe,https://www.fragrantica.com/perfume/Victoria-s-Secret/Jungle-Lily-90546.html,https://fimgs.net/mdimg/perfume-thumbs/375x500.90546.jpg
Victoria's Secret Sunset Crush fe,https://www.fragrantica.com/perfume/Victoria-s-Secret/Sunset-Crush-64333.html,https://fimgs.net/mdimg/perfume-thumbs/375x500.64333.jpg
Victoria's Secret Tropic Rain fe,https://www.fragrantica.com/perfume/Victoria-s-Secret/Tropic-Rain-90548.html,https://fimgs.net/mdimg/perfume-thumbs/375x500.90548.jpg
Victoria's Secret Bare Vanilla Noir fe,https://www.fragrantica.com/perfume/Victoria-s-Secret/Bare-Vanilla-Noir-58885.html,https://fimgs.net/mdimg/perfume-thumbs/375x500.58885.jpg
Victoria's Secret Coconut Passion Noir fe,https://www.fragrantica.com/perfume/Victoria-s-Secret/Coconut-Passion-Noir-61013.html,https://fimgs.net/mdimg/perfume-thumbs/375x500.61013.jpg
Victoria's Secret Pure Seduction Noir fe,https://www.fragrantica.com/perfume/Victoria-s-Secret/Pure-Seduction-Noir-61721.html,https://fimgs.net/mdimg/perfume-thumbs/375x500.61721.jpg
Victoria's Secret Velvet Petals Noir fe,https://www.fragrantica.com/perfume/Victoria-s-Secret/Velvet-Petals-Noir-61722.html,https://fimgs.net/mdimg/perfume-thumbs/375x500.61722.jpg
Victoria's Secret Bombshell in Paradise fe,https://www.fragrantica.com/perfume/Victoria-s-Secret/Bombshell-in-Paradise-18670.html,https://fimgs.net/mdimg/perfume-thumbs/375x500.18670.jpg
Victoria's Secret Fabulous in Paradise fe,https://www.fragrantica.com/perfume/Victoria-s-Secret/Fabulous-in-Paradise-18669.html,https://fimgs.net/mdimg/perfume-thumbs/375x500.18669.jpg
Victoria's Secret Heavenly in Paradise fe,https://www.fragrantica.com/perfume/Victoria-s-Secret/Heavenly-in-Paradise-18671.html,https://fimgs.net/mdimg/perfume-thumbs/375x500.18671.jpg
Victoria's Secret Cashmere Vanilla Jasmine fe,https://www.fragrantica.com/perfume/Victoria-s-Secret/Cashmere-Vanilla-Jasmine-5915.html,https://fimgs.net/mdimg/perfume-thumbs/375x500.5915.jpg
Victoria's Secret Chiffon Peony Freesia fe,https://www.fragrantica.com/perfume/Victoria-s-Secret/Chiffon-Peony-Freesia-8272.html,https://fimgs.net/mdimg/perfume-thumbs/375x500.8272.jpg
Victoria's Secret Lace Orange Flower fe,https://www.fragrantica.com/perfume/Victoria-s-Secret/Lace-Orange-Flower-5918.html,https://fimgs.net/mdimg/perfume-thumbs/375x500.5918.jpg
Victoria's Secret Satin Rose de Mai fe,https://www.fragrantica.com/perfume/Victoria-s-Secret/Satin-Rose-de-Mai-5917.html,https://fimgs.net/mdimg/perfume-thumbs/375x500.5917.jpg
Victoria's Secret Silk Mandarin Santal fe,https://www.fragrantica.com/perfume/Victoria-s-Secret/Silk-Mandarin-Santal-5916.html,https://fimgs.net/mdimg/perfume-thumbs/375x500.5916.jpg
Victoria's Secret Velvet Amber Blackberry fe,https://www.fragrantica.com/perfume/Victoria-s-Secret/Velvet-Amber-Blackberry-7138.html,https://fimgs.net/mdimg/perfume-thumbs/375x500.7138.jpg
Victoria's Secret Aloha From Paradise fe,https://www.fragrantica.com/perfume/Victoria-s-Secret/Aloha-From-Paradise-90564.html,https://fimgs.net/mdimg/perfume-thumbs/375x500.90564.jpg
Victoria's Secret Chasing The Sunset fe,https://www.fragrantica.com/perfume/Victoria-s-Secret/Chasing-The-Sunset-90563.html,https://fimgs.net/mdimg/perfume-thumbs/375x500.90563.jpg
Victoria's Secret Never Ending Summer fe,https://www.fragrantica.com/perfume/Victoria-s-Secret/Never-Ending-Summer-90562.html,https://fimgs.net/mdimg/perfume-thumbs/375x500.90562.jpg
Victoria's Secret Berry Pop fe,https://www.fragrantica.com/perfume/Victoria-s-Secret/Berry-Pop-121868.html,https://fimgs.net/mdimg/perfume-thumbs/375x500.121868.jpg
Victoria's Secret Calm Water fe,https://www.fragrantica.com/perfume/Victoria-s-Secret/Calm-Water-114700.html,https://fimgs.net/mdimg/perfume-thumbs/375x500.114700.jpg
Victoria's Secret Charming & Fun fe,https://www.fragrantica.com/perfume/Victoria-s-Secret/Charming-Fun-114705.html,https://fimgs.net/mdimg/perfume-thumbs/375x500.114705.jpg
Victoria's Secret Coco & Glow fe,https://www.fragrantica.com/perfume/Victoria-s-Secret/Coco-Glow-114711.html,https://fimgs.net/mdimg/perfume-thumbs/375x500.114711.jpg
Victoria's Secret Coco Mist fe,https://www.fragrantica.com/perfume/Victoria-s-Secret/Coco-Mist-114712.html,https://fimgs.net/mdimg/perfume-thumbs/375x500.114712.jpg
Victoria's Secret Coco Vanilla fe,https://www.fragrantica.com/perfume/Victoria-s-Secret/Coco-Vanilla-114713.html,https://fimgs.net/mdimg/perfume-thumbs/375x500.114713.jpg
Victoria's Secret Coconut Cloud fe,https://www.fragrantica.com/perfume/Victoria-s-Secret/Coconut-Cloud-114715.html,https://fimgs.net/mdimg/perfume-thumbs/375x500.114715.jpg
Victoria's Secret Coconut Cloud fe,https://www.fragrantica.com/perfume/Victoria-s-Secret/Coconut-Cloud-114716.html,https://fimgs.net/mdimg/perfume-thumbs/375x500.114716.jpg
Victoria's Secret Coconut Goals fe,https://www.fragrantica.com/perfume/Victoria-s-Secret/Coconut-Goals-114725.html,https://fimgs.net/mdimg/perfume-thumbs/375x500.114725.jpg
Victoria's Secret Coconut Mango fe,https://www.fragrantica.com/perfume/Victoria-s-Secret/Coconut-Mango-114726.html,https://fimgs.net/mdimg/perfume-thumbs/375x500.114726.jpg
Victoria's Secret Coconut Woods fe,https://www.fragrantica.com/perfume/Victoria-s-Secret/Coconut-Woods-114730.html,https://fimgs.net/mdimg/perfume-thumbs/375x500.114730.jpg
Victoria's Secret Cool & Bright Chilled fe,https://www.fragrantica.com/perfume/Victoria-s-Secret/Cool-Bright-Chilled-114731.html,https://fimgs.net/mdimg/perfume-thumbs/375x500.114731.jpg
Victoria's Secret Cool & Bright Sun Daze fe,https://www.fragrantica.com/perfume/Victoria-s-Secret/Cool-Bright-Sun-Daze-114732.html,https://fimgs.net/mdimg/perfume-thumbs/375x500.114732.jpg
Victoria's Secret Cool Sage fe,https://www.fragrantica.com/perfume/Victoria-s-Secret/Cool-Sage-114733.html,https://fimgs.net/mdimg/perfume-thumbs/375x500.114733.jpg
Victoria's Secret Desert Petals fe,https://www.fragrantica.com/perfume/Victoria-s-Secret/Desert-Petals-114738.html,https://fimgs.net/mdimg/perfume-thumbs/375x500.114738.jpg
Victoria's Secret Desert Snow fe,https://www.fragrantica.com/perfume/Victoria-s-Secret/Desert-Snow-114740.html,https://fimgs.net/mdimg/perfume-thumbs/375x500.114740.jpg
Victoria's Secret Everything Nice fe,https://www.fragrantica.com/perfume/Victoria-s-Secret/Everything-Nice-114748.html,https://fimgs.net/mdimg/perfume-thumbs/375x500.114748.jpg
Victoria's Secret Festival Crush fe,https://www.fragrantica.com/perfume/Victoria-s-Secret/Festival-Crush-114751.html,https://fimgs.net/mdimg/perfume-thumbs/375x500.114751.jpg
Victoria's Secret Fresh & Clean Crème fe,https://www.fragrantica.com/perfume/Victoria-s-Secret/Fresh-Clean-Creme-121774.html,https://fimgs.net/mdimg/perfume-thumbs/375x500.121774.jpg
Victoria's Secret Just Peachy fe,https://www.fragrantica.com/perfume/Victoria-s-Secret/Just-Peachy-121867.html,https://fimgs.net/mdimg/perfume-thumbs/375x500.121867.jpg
Victoria's Secret Melon Chill fe,https://www.fragrantica.com/perfume/Victoria-s-Secret/Melon-Chill-121866.html,https://fimgs.net/mdimg/perfume-thumbs/375x500.121866.jpg
Victoria's Secret Passion Punch fe,https://www.fragrantica.com/perfume/Victoria-s-Secret/Passion-Punch-121865.html,https://fimgs.net/mdimg/perfume-thumbs/375x500.121865.jpg
Victoria's Secret Pink Cactus Water fe,https://www.fragrantica.com/perfume/Victoria-s-Secret/Pink-Cactus-Water-114699.html,https://fimgs.net/mdimg/perfume-thumbs/375x500.114699.jpg
Victoria's Secret Soft & Dreamy Chilled fe,https://www.fragrantica.com/perfume/Victoria-s-Secret/Soft-Dreamy-Chilled-121850.html,https://fimgs.net/mdimg/perfume-thumbs/375x500.121850.jpg
Victoria's Secret Summer Daze fe,https://www.fragrantica.com/perfume/Victoria-s-Secret/Summer-Daze-121709.html,https://fimgs.net/mdimg/perfume-thumbs/375x500.121709.jpg
Victoria's Secret Surf Party fe,https://www.fragrantica.com/perfume/Victoria-s-Secret/Surf-Party-121710.html,https://fimgs.net/mdimg/perfume-thumbs/375x500.121710.jpg
Victoria's Secret Vanilla Snow fe,https://www.fragrantica.com/perfume/Victoria-s-Secret/Vanilla-Snow-121608.html,https://fimgs.net/mdimg/perfume-thumbs/375x500.121608.jpg
Victoria's Secret Warm & Cozy fe,https://www.fragrantica.com/perfume/Victoria-s-Secret/Warm-Cozy-121862.html,https://fimgs.net/mdimg/perfume-thumbs/375x500.121862.jpg
Victoria's Secret Warm & Cozy Chilled fe,https://www.fragrantica.com/perfume/Victoria-s-Secret/Warm-Cozy-Chilled-121851.html,https://fimgs.net/mdimg/perfume-thumbs/375x500.121851.jpg
Victoria's Secret Glazed Cool & Bright fe,https://www.fragrantica.com/perfume/Victoria-s-Secret/Glazed-Cool-Bright-99821.html,https://fimgs.net/mdimg/perfume-thumbs/375x500.99821.jpg
Victoria's Secret Glazed Fresh & Clean fe,https://www.fragrantica.com/perfume/Victoria-s-Secret/Glazed-Fresh-Clean-99820.html,https://fimgs.net/mdimg/perfume-thumbs/375x500.99820.jpg
Victoria's Secret Glazed Vanilla & Dreamy fe,https://www.fragrantica.com/perfume/Victoria-s-Secret/Glazed-Vanilla-Dreamy-99817.html,https://fimgs.net/mdimg/perfume-thumbs/375x500.99817.jpg
Victoria's Secret Glazed Warm & Cozy fe,https://www.fragrantica.com/perfume/Victoria-s-Secret/Glazed-Warm-Cozy-99819.html,https://fimgs.net/mdimg/perfume-thumbs/375x500.99819.jpg
Victoria's Secret Shine female,https://www.fragrantica.com/perfume/Victoria-s-Secret/Shine-114693.html,https://fimgs.net/mdimg/perfume-thumbs/375x500.114693.jpg
Victoria's Secret Pink Basic Apple fe,https://www.fragrantica.com/perfume/Victoria-s-Secret/Pink-Basic-Apple-89094.html,https://fimgs.net/mdimg/perfume-thumbs/375x500.89094.jpg
Victoria's Secret Pink Basic Pumpkin fe,https://www.fragrantica.com/perfume/Victoria-s-Secret/Pink-Basic-Pumpkin-89096.html,https://fimgs.net/mdimg/perfume-thumbs/375x500.89096.jpg
Victoria's Secret Pink Basic Vanilla fe,https://www.fragrantica.com/perfume/Victoria-s-Secret/Pink-Basic-Vanilla-70139.html,https://fimgs.net/mdimg/perfume-thumbs/375x500.70139.jpg
Victoria's Secret Pink Extra Apple fe,https://www.fragrantica.com/perfume/Victoria-s-Secret/Pink-Extra-Apple-70975.html,https://fimgs.net/mdimg/perfume-thumbs/375x500.70975.jpg
Victoria's Secret Pink PSL fe,https://www.fragrantica.com/perfume/Victoria-s-Secret/Pink-PSL-70976.html,https://fimgs.net/mdimg/perfume-thumbs/375x500.70976.jpg
Victoria's Secret Pink Beach 2023 fe,https://www.fragrantica.com/perfume/Victoria-s-Secret/Pink-Beach-2023-81984.html,https://fimgs.net/mdimg/perfume-thumbs/375x500.81984.jpg
Victoria's Secret Pink Beach Flower Chilled fe,https://www.fragrantica.com/perfume/Victoria-s-Secret/Pink-Beach-Flower-Chilled-70486.html,https://fimgs.net/mdimg/perfume-thumbs/375x500.70486.jpg
Victoria's Secret Pink Beach Nectar fe,https://www.fragrantica.com/perfume/Victoria-s-Secret/Pink-Beach-Nectar-89104.html,https://fimgs.net/mdimg/perfume-thumbs/375x500.89104.jpg
Victoria's Secret Pink Beach Weekend fe,https://www.fragrantica.com/perfume/Victoria-s-Secret/Pink-Beach-Weekend-89105.html,https://fimgs.net/mdimg/perfume-thumbs/375x500.89105.jpg
Victoria's Secret Pink Beachwood Sea Salt fe,https://www.fragrantica.com/perfume/Victoria-s-Secret/Pink-Beachwood-Sea-Salt-89106.html,https://fimgs.net/mdimg/perfume-thumbs/375x500.89106.jpg
Victoria's Secret Pink Berry Glitz fe,https://www.fragrantica.com/perfume/Victoria-s-Secret/Pink-Berry-Glitz-89109.html,https://fimgs.net/mdimg/perfume-thumbs/375x500.89109.jpg
Victoria's Secret Pink Berry Naughty fe,https://www.fragrantica.com/perfume/Victoria-s-Secret/Pink-Berry-Naughty-89111.html,https://fimgs.net/mdimg/perfume-thumbs/375x500.89111.jpg
Victoria's Secret Pink Berry Pop fe,https://www.fragrantica.com/perfume/Victoria-s-Secret/Pink-Berry-Pop-89112.html,https://fimgs.net/mdimg/perfume-thumbs/375x500.89112.jpg
Victoria's Secret Apple Dream fe,https://www.fragrantica.com/perfume/Victoria-s-Secret/Apple-Dream-89041.html,https://fimgs.net/mdimg/perfume-thumbs/375x500.89041.jpg
Victoria's Secret Light & Happy fe,https://www.fragrantica.com/perfume/Victoria-s-Secret/Light-Happy-89042.html,https://fimgs.net/mdimg/perfume-thumbs/375x500.89042.jpg
Victoria's Secret Sparkle Berry fe,https://www.fragrantica.com/perfume/Victoria-s-Secret/Sparkle-Berry-89043.html,https://fimgs.net/mdimg/perfume-thumbs/375x500.89043.jpg
Victoria's Secret Spiced Vanilla fe,https://www.fragrantica.com/perfume/Victoria-s-Secret/Spiced-Vanilla-89044.html,https://fimgs.net/mdimg/perfume-thumbs/375x500.89044.jpg
Victoria's Secret Sugar Sky fe,https://www.fragrantica.com/perfume/Victoria-s-Secret/Sugar-Sky-89039.html,https://fimgs.net/mdimg/perfume-thumbs/375x500.89039.jpg
Victoria's Secret Sun Blossom fe,https://www.fragrantica.com/perfume/Victoria-s-Secret/Sun-Blossom-89040.html,https://fimgs.net/mdimg/perfume-thumbs/375x500.89040.jpg
Victoria's Secret Warm Vanilla fe,https://www.fragrantica.com/perfume/Victoria-s-Secret/Warm-Vanilla-89038.html,https://fimgs.net/mdimg/perfume-thumbs/375x500.89038.jpg
Victoria's Secret Balance,https://www.fragrantica.com/perfume/Victoria-s-Secret/Balance-74512.html,https://fimgs.net/mdimg/perfume-thumbs/375x500.74512.jpg
Victoria's Secret Calm,https://www.fragrantica.com/perfume/Victoria-s-Secret/Calm-74513.html,https://fimgs.net/mdimg/perfume-thumbs/375x500.74513.jpg
Victoria's Secret Compassion,https://www.fragrantica.com/perfume/Victoria-s-Secret/Compassion-74509.html,https://fimgs.net/mdimg/perfume-thumbs/375x500.74509.jpg
Victoria's Secret Confidence,https://www.fragrantica.com/perfume/Victoria-s-Secret/Confidence-74510.html,https://fimgs.net/mdimg/perfume-thumbs/375x500.74510.jpg
Victoria's Secret Optimism,https://www.fragrantica.com/perfume/Victoria-s-Secret/Optimism-74511.html,https://fimgs.net/mdimg/perfume-thumbs/375x500.74511.jpg
Victoria's Secret Pink Coconut fe,https://www.fragrantica.com/perfume/Victoria-s-Secret/Pink-Coconut-89201.html,https://fimgs.net/mdimg/perfume-thumbs/375x500.89201.jpg
Victoria's Secret Pink Cranberry fe,https://www.fragrantica.com/perfume/Victoria-s-Secret/Pink-Cranberry-89200.html,https://fimgs.net/mdimg/perfume-thumbs/375x500.89200.jpg
Victoria's Secret Pink Cucumber fe,https://www.fragrantica.com/perfume/Victoria-s-Secret/Pink-Cucumber-89197.html,https://fimgs.net/mdimg/perfume-thumbs/375x500.89197.jpg
Victoria's Secret Pink Honey fe,https://www.fragrantica.com/perfume/Victoria-s-Secret/Pink-Honey-89195.html,https://fimgs.net/mdimg/perfume-thumbs/375x500.89195.jpg
Victoria's Secret Pink Lavander fe,https://www.fragrantica.com/perfume/Victoria-s-Secret/Pink-Lavander-89196.html,https://fimgs.net/mdimg/perfume-thumbs/375x500.89196.jpg
Victoria's Secret Pink Mango fe,https://www.fragrantica.com/perfume/Victoria-s-Secret/Pink-Mango-93219.html,https://fimgs.net/mdimg/perfume-thumbs/375x500.93219.jpg
Victoria's Secret Pink Super Berry fe,https://www.fragrantica.com/perfume/Victoria-s-Secret/Pink-Super-Berry-89199.html,https://fimgs.net/mdimg/perfume-thumbs/375x500.89199.jpg
Victoria's Secret Pink Vanilla fe,https://www.fragrantica.com/perfume/Victoria-s-Secret/Pink-Vanilla-89198.html,https://fimgs.net/mdimg/perfume-thumbs/375x500.89198.jpg
Victoria's Secret Bronzed Coconut Body Mist fe,https://www.fragrantica.com/perfume/Victoria-s-Secret/Bronzed-Coconut-Body-Mist-65565.html,https://fimgs.net/mdimg/perfume-thumbs/375x500.65565.jpg
Victoria's Secret Paradise Bloom Body Mist fe,https://www.fragrantica.com/perfume/Victoria-s-Secret/Paradise-Bloom-Body-Mist-65563.html,https://fimgs.net/mdimg/perfume-thumbs/375x500.65563.jpg
Victoria's Secret Sunset Sorbet Body Mist fe,https://www.fragrantica.com/perfume/Victoria-s-Secret/Sunset-Sorbet-Body-Mist-65564.html,https://fimgs.net/mdimg/perfume-thumbs/375x500.65564.jpg
Victoria's Secret Tropic Palm Body Mist fe,https://www.fragrantica.com/perfume/Victoria-s-Secret/Tropic-Palm-Body-Mist-65566.html,https://fimgs.net/mdimg/perfume-thumbs/375x500.65566.jpg
Victoria's Secret Fresh & Clean fe,https://www.fragrantica.com/perfume/Victoria-s-Secret/Fresh-Clean-63107.html,https://fimgs.net/mdimg/perfume-thumbs/375x500.63107.jpg
Victoria's Secret Fruity & Bright,https://www.fragrantica.com/perfume/Victoria-s-Secret/Fruity-Bright-63110.html,https://fimgs.net/mdimg/perfume-thumbs/375x500.63110.jpg
Victoria's Secret Pretty & Pure fe,https://www.fragrantica.com/perfume/Victoria-s-Secret/Pretty-Pure-63111.html,https://fimgs.net/mdimg/perfume-thumbs/375x500.63111.jpg
Victoria's Secret Sunny & Happy fe,https://www.fragrantica.com/perfume/Victoria-s-Secret/Sunny-Happy-63109.html,https://fimgs.net/mdimg/perfume-thumbs/375x500.63109.jpg
Victoria's Secret Sweet & Flirty fe,https://www.fragrantica.com/perfume/Victoria-s-Secret/Sweet-Flirty-63108.html,https://fimgs.net/mdimg/perfume-thumbs/375x500.63108.jpg
Victoria's Secret Warm & Cozy fe,https://www.fragrantica.com/perfume/Victoria-s-Secret/Warm-Cozy-63113.html,https://fimgs.net/mdimg/perfume-thumbs/375x500.63113.jpg
Victoria's Secret Peach fe,https://www.fragrantica.com/perfume/Victoria-s-Secret/Peach-95226.html,https://fimgs.net/mdimg/perfume-thumbs/375x500.95226.jpg
Victoria's Secret Fresh & Clean fe,https://www.fragrantica.com/perfume/Victoria-s-Secret/Fresh-Clean-95223.html,https://fimgs.net/mdimg/perfume-thumbs/375x500.95223.jpg
Victoria's Secret Vanilla & Dreamy fe,https://www.fragrantica.com/perfume/Victoria-s-Secret/Vanilla-Dreamy-95222.html,https://fimgs.net/mdimg/perfume-thumbs/375x500.95222.jpg
Victoria's Secret Warm & Cozy,https://www.fragrantica.com/perfume/Victoria-s-Secret/Warm-Cozy-95224.html,https://fimgs.net/mdimg/perfume-thumbs/375x500.95224.jpg
Victoria's Secret Golden Sands fe,https://www.fragrantica.com/perfume/Victoria-s-Secret/Golden-Sands-67102.html,https://fimgs.net/mdimg/perfume-thumbs/375x500.67102.jpg
Victoria's Secret Hot Florals fe,https://www.fragrantica.com/perfume/Victoria-s-Secret/Hot-Florals-67101.html,https://fimgs.net/mdimg/perfume-thumbs/375x500.67101.jpg
Victoria's Secret Island Away fe,https://www.fragrantica.com/perfume/Victoria-s-Secret/Island-Away-67103.html,https://fimgs.net/mdimg/perfume-thumbs/375x500.67103.jpg
Victoria's Secret Secret Sunrise fe,https://www.fragrantica.com/perfume/Victoria-s-Secret/Secret-Sunrise-67100.html,https://fimgs.net/mdimg/perfume-thumbs/375x500.67100.jpg
Victoria's Secret Lush Cherry Cream fe,https://www.fragrantica.com/perfume/Victoria-s-Secret/Lush-Cherry-Cream-100401.html,https://fimgs.net/mdimg/perfume-thumbs/375x500.100401.jpg
Victoria's Secret Rich Caramel Vanilla fe,https://www.fragrantica.com/perfume/Victoria-s-Secret/Rich-Caramel-Vanilla-100400.html,https://fimgs.net/mdimg/perfume-thumbs/375x500.100400.jpg
Victoria's Secret Sensuous Cashmere Rose fe,https://www.fragrantica.com/perfume/Victoria-s-Secret/Sensuous-Cashmere-Rose-100402.html,https://fimgs.net/mdimg/perfume-thumbs/375x500.100402.jpg
Victoria's Secret Sultry Berry Bourbon fe,https://www.fragrantica.com/perfume/Victoria-s-Secret/Sultry-Berry-Bourbon-100403.html,https://fimgs.net/mdimg/perfume-thumbs/375x500.100403.jpg
Victoria's Secret Bare Vanilla Radiant fe,https://www.fragrantica.com/perfume/Victoria-s-Secret/Bare-Vanilla-Radiant-67105.html,https://fimgs.net/mdimg/perfume-thumbs/375x500.67105.jpg
Victoria's Secret Love Spell Radiant fe,https://www.fragrantica.com/perfume/Victoria-s-Secret/Love-Spell-Radiant-67104.html,https://fimgs.net/mdimg/perfume-thumbs/375x500.67104.jpg
Victoria's Secret Pure Seduction Radiant fe,https://www.fragrantica.com/perfume/Victoria-s-Secret/Pure-Seduction-Radiant-67106.html,https://fimgs.net/mdimg/perfume-thumbs/375x500.67106.jpg
Victoria's Secret Velvet Petals Radiant fe,https://www.fragrantica.com/perfume/Victoria-s-Secret/Velvet-Petals-Radiant-67107.html,https://fimgs.net/mdimg/perfume-thumbs/375x500.67107.jpg
Victoria's Secret Amber Romance Midnight fe,https://www.fragrantica.com/perfume/Victoria-s-Secret/Amber-Romance-Midnight-38495.html,https://fimgs.net/mdimg/perfume-thumbs/375x500.38495.jpg
Victoria's Secret Island Waters fe,https://www.fragrantica.com/perfume/Victoria-s-Secret/Island-Waters-38502.html,https://fimgs.net/mdimg/perfume-thumbs/375x500.38502.jpg
Victoria's Secret Lemon Paradise fe,https://www.fragrantica.com/perfume/Victoria-s-Secret/Lemon-Paradise-38501.html,https://fimgs.net/mdimg/perfume-thumbs/375x500.38501.jpg
Victoria's Secret Love Spell Midnight,https://www.fragrantica.com/perfume/Victoria-s-Secret/Love-Spell-Midnight-38500.html,https://fimgs.net/mdimg/perfume-thumbs/375x500.38500.jpg
Victoria's Secret Pure Seduction Midnight fe,https://www.fragrantica.com/perfume/Victoria-s-Secret/Pure-Seduction-Midnight-38499.html,https://fimgs.net/mdimg/perfume-thumbs/375x500.38499.jpg
Victoria's Secret Let's Go Girls fe,https://www.fragrantica.com/perfume/Victoria-s-Secret/Let-s-Go-Girls-110927.html,https://fimgs.net/mdimg/perfume-thumbs/375x500.110927.jpg
Victoria's Secret Texas Hold 'Em fe,https://www.fragrantica.com/perfume/Victoria-s-Secret/Texas-Hold-Em-110925.html,https://fimgs.net/mdimg/perfume-thumbs/375x500.110925.jpg
Victoria's Secret Crushed Petals fe,https://www.fragrantica.com/perfume/Victoria-s-Secret/Crushed-Petals-91976.html,https://fimgs.net/mdimg/perfume-thumbs/375x500.91976.jpg
Victoria's Secret Floral Affair fe,https://www.fragrantica.com/perfume/Victoria-s-Secret/Floral-Affair-91974.html,https://fimgs.net/mdimg/perfume-thumbs/375x500.91974.jpg
Victoria's Secret Garden Daydream Gardenia & Brown Sugar fe,https://www.fragrantica.com/perfume/Victoria-s-Secret/Garden-Daydream-Gardenia-Brown-Sugar-84974.html,https://fimgs.net/mdimg/perfume-thumbs/375x500.84974.jpg
Victoria's Secret Nectar Drip fe,https://www.fragrantica.com/perfume/Victoria-s-Secret/Nectar-Drip-91975.html,https://fimgs.net/mdimg/perfume-thumbs/375x500.91975.jpg
Victoria's Secret Scandalous fe,https://www.fragrantica.com/perfume/Victoria-s-Secret/Scandalous-28256.html,https://fimgs.net/mdimg/perfume-thumbs/375x500.28256.jpg
Victoria's Secret Scandalous Dare fe,https://www.fragrantica.com/perfume/Victoria-s-Secret/Scandalous-Dare-41655.html,https://fimgs.net/mdimg/perfume-thumbs/375x500.41655.jpg
Victoria's Secret Crimson Berries fe,https://www.fragrantica.com/perfume/Victoria-s-Secret/Crimson-Berries-90565.html,https://fimgs.net/mdimg/perfume-thumbs/375x500.90565.jpg
Victoria's Secret Juniper Glow fe,https://www.fragrantica.com/perfume/Victoria-s-Secret/Juniper-Glow-90567.html,https://fimgs.net/mdimg/perfume-thumbs/375x500.90567.jpg
Victoria's Secret Winter Orchid fe,https://www.fragrantica.com/perfume/Victoria-s-Secret/Winter-Orchid-90566.html,https://fimgs.net/mdimg/perfume-thumbs/375x500.90566.jpg
Victoria's Secret Cocoa Butter Sensuous Escape fe,https://www.fragrantica.com/perfume/Victoria-s-Secret/Cocoa-Butter-Sensuous-Escape-121607.html,https://fimgs.net/mdimg/perfume-thumbs/375x500.121607.jpg
Victoria's Secret Jojoba Butter Sweet Surrender fe,https://www.fragrantica.com/perfume/Victoria-s-Secret/Jojoba-Butter-Sweet-Surrender-121605.html,https://fimgs.net/mdimg/perfume-thumbs/375x500.121605.jpg
Victoria's Secret Shea Butter Soft Embrace fe,https://www.fragrantica.com/perfume/Victoria-s-Secret/Shea-Butter-Soft-Embrace-121606.html,https://fimgs.net/mdimg/perfume-thumbs/375x500.121606.jpg
Victoria's Secret Breeze fe,https://www.fragrantica.com/perfume/Victoria-s-Secret/Breeze-25304.html,https://fimgs.net/mdimg/perfume-thumbs/375x500.25304.jpg
Victoria's Secret Island fe,https://www.fragrantica.com/perfume/Victoria-s-Secret/Island-25306.html,https://fimgs.net/mdimg/perfume-thumbs/375x500.25306.jpg
Victoria's Secret Ocean fe,https://www.fragrantica.com/perfume/Victoria-s-Secret/Ocean-25303.html,https://fimgs.net/mdimg/perfume-thumbs/375x500.25303.jpg
Victoria's Secret Sunset fe,https://www.fragrantica.com/perfume/Victoria-s-Secret/Sunset-25305.html,https://fimgs.net/mdimg/perfume-thumbs/375x500.25305.jpg
Victoria's Secret Sexy Little Thing Ooh La La fe,https://www.fragrantica.com/perfume/Victoria-s-Secret/Sexy-Little-Thing-Ooh-La-La-3282.html,https://fimgs.net/mdimg/perfume-thumbs/375x500.3282.jpg
Victoria's Secret Sexy Little Things fe,https://www.fragrantica.com/perfume/Victoria-s-Secret/Sexy-Little-Things-3281.html,https://fimgs.net/mdimg/perfume-thumbs/375x500.3281.jpg
Victoria's Secret Sexy Little Things Heartbreaker fe,https://www.fragrantica.com/perfume/Victoria-s-Secret/Sexy-Little-Things-Heartbreaker-17235.html,https://fimgs.net/mdimg/perfume-thumbs/375x500.17235.jpg
Victoria's Secret Sexy Little Things Noir fe,https://www.fragrantica.com/perfume/Victoria-s-Secret/Sexy-Little-Things-Noir-5359.html,https://fimgs.net/mdimg/perfume-thumbs/375x500.5359.jpg
Victoria's Secret Sexy Little Things Noir Love Me fe,https://www.fragrantica.com/perfume/Victoria-s-Secret/Sexy-Little-Things-Noir-Love-Me-11244.html,https://fimgs.net/mdimg/perfume-thumbs/375x500.11244.jpg
Victoria's Secret Sexy Little Things Noir Summer fe,https://www.fragrantica.com/perfume/Victoria-s-Secret/Sexy-Little-Things-Noir-Summer-12224.html,https://fimgs.net/mdimg/perfume-thumbs/375x500.12224.jpg
Victoria's Secret Sexy Little Things Noir Tease fe,https://www.fragrantica.com/perfume/Victoria-s-Secret/Sexy-Little-Things-Noir-Tease-9730.html,https://fimgs.net/mdimg/perfume-thumbs/375x500.9730.jpg
Victoria's Secret Sexy Little Things Tease Limited Edition Eau de Parfum fe,https://www.fragrantica.com/perfume/Victoria-s-Secret/Sexy-Little-Things-Tease-Limited-Edition-Eau-de-Parfum-18317.html,https://fimgs.net/mdimg/perfume-thumbs/375x500.18317.jpg
Victoria's Secret Tease Please fe,https://www.fragrantica.com/perfume/Victoria-s-Secret/Tease-Please-17625.html,https://fimgs.net/mdimg/perfume-thumbs/375x500.17625.jpg
Victoria's Secret Sexy Sparkle Hot Berry fe,https://www.fragrantica.com/perfume/Victoria-s-Secret/Sexy-Sparkle-Hot-Berry-3283.html,https://fimgs.net/mdimg/perfume-thumbs/375x500.3283.jpg
Victoria's Secret Sexy Sparkle Sweet Magnolia fe,https://www.fragrantica.com/perfume/Victoria-s-Secret/Sexy-Sparkle-Sweet-Magnolia-3284.html,https://fimgs.net/mdimg/perfume-thumbs/375x500.3284.jpg
Victoria's Secret Sexy Sparkle Vanilla Gold fe,https://www.fragrantica.com/perfume/Victoria-s-Secret/Sexy-Sparkle-Vanilla-Gold-3285.html,https://fimgs.net/mdimg/perfume-thumbs/375x500.3285.jpg
Victoria's Secret Blackberry Fizz fe,https://www.fragrantica.com/perfume/Victoria-s-Secret/Blackberry-Fizz-68215.html,https://fimgs.net/mdimg/perfume-thumbs/375x500.68215.jpg
Victoria's Secret Champagne Petals fe,https://www.fragrantica.com/perfume/Victoria-s-Secret/Champagne-Petals-68216.html,https://fimgs.net/mdimg/perfume-thumbs/375x500.68216.jpg
Victoria's Secret Glittering Iris fe,https://www.fragrantica.com/perfume/Victoria-s-Secret/Glittering-Iris-68217.html,https://fimgs.net/mdimg/perfume-thumbs/375x500.68217.jpg
Victoria's Secret Vanilla Sparkle fe,https://www.fragrantica.com/perfume/Victoria-s-Secret/Vanilla-Sparkle-68218.html,https://fimgs.net/mdimg/perfume-thumbs/375x500.68218.jpg
Victoria's Secret Citrus Dream fe,https://www.fragrantica.com/perfume/Victoria-s-Secret/Citrus-Dream-23257.html,https://fimgs.net/mdimg/perfume-thumbs/375x500.23257.jpg
Victoria's Secret Lemon Escape fe,https://www.fragrantica.com/perfume/Victoria-s-Secret/Lemon-Escape-23258.html,https://fimgs.net/mdimg/perfume-thumbs/375x500.23258.jpg
Victoria's Secret Luscious Crush fe,https://www.fragrantica.com/perfume/Victoria-s-Secret/Luscious-Crush-23259.html,https://fimgs.net/mdimg/perfume-thumbs/375x500.23259.jpg
Victoria's Secret Berry Escape fe,https://www.fragrantica.com/perfume/Victoria-s-Secret/Berry-Escape-17608.html,https://fimgs.net/mdimg/perfume-thumbs/375x500.17608.jpg
Victoria's Secret Poolside Breeze fe,https://www.fragrantica.com/perfume/Victoria-s-Secret/Poolside-Breeze-17607.html,https://fimgs.net/mdimg/perfume-thumbs/375x500.17607.jpg
Victoria's Secret Sunset Flower fe,https://www.fragrantica.com/perfume/Victoria-s-Secret/Sunset-Flower-17606.html,https://fimgs.net/mdimg/perfume-thumbs/375x500.17606.jpg
Victoria's Secret Cosmic Wish fe,https://www.fragrantica.com/perfume/Victoria-s-Secret/Cosmic-Wish-91937.html,https://fimgs.net/mdimg/perfume-thumbs/375x500.91937.jpg
Victoria's Secret Diamond Sky fe,https://www.fragrantica.com/perfume/Victoria-s-Secret/Diamond-Sky-91938.html,https://fimgs.net/mdimg/perfume-thumbs/375x500.91938.jpg
Victoria's Secret Secret Dreamer fe,https://www.fragrantica.com/perfume/Victoria-s-Secret/Secret-Dreamer-91939.html,https://fimgs.net/mdimg/perfume-thumbs/375x500.91939.jpg
Victoria's Secret Magic Shine fe,https://www.fragrantica.com/perfume/Victoria-s-Secret/Magic-Shine-60892.html,https://fimgs.net/mdimg/perfume-thumbs/375x500.60892.jpg
Victoria's Secret Bare Vanilla Starlit fe,https://www.fragrantica.com/perfume/Victoria-s-Secret/Bare-Vanilla-Starlit-100405.html,https://fimgs.net/mdimg/perfume-thumbs/375x500.100405.jpg
Victoria's Secret Love Spell Starlit fe,https://www.fragrantica.com/perfume/Victoria-s-Secret/Love-Spell-Starlit-100408.html,https://fimgs.net/mdimg/perfume-thumbs/375x500.100408.jpg
Victoria's Secret Midnight Bloom Starlit fe,https://www.fragrantica.com/perfume/Victoria-s-Secret/Midnight-Bloom-Starlit-100409.html,https://fimgs.net/mdimg/perfume-thumbs/375x500.100409.jpg
Victoria's Secret Pure Seduction Starlit,https://www.fragrantica.com/perfume/Victoria-s-Secret/Pure-Seduction-Starlit-100407.html,https://fimgs.net/mdimg/perfume-thumbs/375x500.100407.jpg
Victoria's Secret Velvet Petals Starlit,https://www.fragrantica.com/perfume/Victoria-s-Secret/Velvet-Petals-Starlit-100406.html,https://fimgs.net/mdimg/perfume-thumbs/375x500.100406.jpg
Victoria's Secret Citrus Chill fe,https://www.fragrantica.com/perfume/Victoria-s-Secret/Citrus-Chill-65377.html,https://fimgs.net/mdimg/perfume-thumbs/375x500.65377.jpg
Victoria's Secret Coconut Granita fe,https://www.fragrantica.com/perfume/Victoria-s-Secret/Coconut-Granita-65376.html,https://fimgs.net/mdimg/perfume-thumbs/375x500.65376.jpg
Victoria's Secret Melon Sorbet fe,https://www.fragrantica.com/perfume/Victoria-s-Secret/Melon-Sorbet-65375.html,https://fimgs.net/mdimg/perfume-thumbs/375x500.65375.jpg
Victoria's Secret Tropical Spritz fe,https://www.fragrantica.com/perfume/Victoria-s-Secret/Tropical-Spritz-65378.html,https://fimgs.net/mdimg/perfume-thumbs/375x500.65378.jpg
Victoria's Secret Bare Vanilla Sunkissed fe,https://www.fragrantica.com/perfume/Victoria-s-Secret/Bare-Vanilla-Sunkissed-70511.html,https://fimgs.net/mdimg/perfume-thumbs/375x500.70511.jpg
Victoria's Secret Love Spell Sunkissed fe,https://www.fragrantica.com/perfume/Victoria-s-Secret/Love-Spell-Sunkissed-70510.html,https://fimgs.net/mdimg/perfume-thumbs/375x500.70510.jpg
Victoria's Secret Pure Seduction Sunkissed fe,https://www.fragrantica.com/perfume/Victoria-s-Secret/Pure-Seduction-Sunkissed-70509.html,https://fimgs.net/mdimg/perfume-thumbs/375x500.70509.jpg
Victoria's Secret Velvet Petals Sunkissed fe,https://www.fragrantica.com/perfume/Victoria-s-Secret/Velvet-Petals-Sunkissed-70512.html,https://fimgs.net/mdimg/perfume-thumbs/375x500.70512.jpg
Victoria's Secret Cherry Blossoming fe,https://www.fragrantica.com/perfume/Victoria-s-Secret/Cherry-Blossoming-64957.html,https://fimgs.net/mdimg/perfume-thumbs/375x500.64957.jpg
Victoria's Secret Electric Poppy fe,https://www.fragrantica.com/perfume/Victoria-s-Secret/Electric-Poppy-64959.html,https://fimgs.net/mdimg/perfume-thumbs/375x500.64959.jpg
Victoria's Secret Neon Lily fe,https://www.fragrantica.com/perfume/Victoria-s-Secret/Neon-Lily-64958.html,https://fimgs.net/mdimg/perfume-thumbs/375x500.64958.jpg
Victoria's Secret Cake Confetti fe,https://www.fragrantica.com/perfume/Victoria-s-Secret/Cake-Confetti-60899.html,https://fimgs.net/mdimg/perfume-thumbs/375x500.60899.jpg
Victoria's Secret Candy Baby fe,https://www.fragrantica.com/perfume/Victoria-s-Secret/Candy-Baby-60898.html,https://fimgs.net/mdimg/perfume-thumbs/375x500.60898.jpg
Victoria's Secret Fruit Crush fe,https://www.fragrantica.com/perfume/Victoria-s-Secret/Fruit-Crush-60900.html,https://fimgs.net/mdimg/perfume-thumbs/375x500.60900.jpg
Victoria's Secret Sugar High fe,https://www.fragrantica.com/perfume/Victoria-s-Secret/Sugar-High-60901.html,https://fimgs.net/mdimg/perfume-thumbs/375x500.60901.jpg
Victoria's Secret Tease fe,https://www.fragrantica.com/perfume/Victoria-s-Secret/Tease-47870.html,https://fimgs.net/mdimg/perfume-thumbs/375x500.47870.jpg
Victoria's Secret Tease Candy Noir fe,https://www.fragrantica.com/perfume/Victoria-s-Secret/Tease-Candy-Noir-69446.html,https://fimgs.net/mdimg/perfume-thumbs/375x500.69446.jpg
Victoria's Secret Tease Collector's Edition Eau De Parfum fe,https://www.fragrantica.com/perfume/Victoria-s-Secret/Tease-Collector-s-Edition-Eau-De-Parfum-71551.html,https://fimgs.net/mdimg/perfume-thumbs/375x500.71551.jpg
Victoria's Secret Tease Crème Cloud fe,https://www.fragrantica.com/perfume/Victoria-s-Secret/Tease-Creme-Cloud-68550.html,https://fimgs.net/mdimg/perfume-thumbs/375x500.68550.jpg
Victoria's Secret Tease Dreamer fe,https://www.fragrantica.com/perfume/Victoria-s-Secret/Tease-Dreamer-54073.html,https://fimgs.net/mdimg/perfume-thumbs/375x500.54073.jpg
Victoria's Secret Tease Eau de Parfum fe,https://www.fragrantica.com/perfume/Victoria-s-Secret/Tease-Eau-de-Parfum-50825.html,https://fimgs.net/mdimg/perfume-thumbs/375x500.50825.jpg
Victoria's Secret Tease Eau de Parfum 2020 fe,https://www.fragrantica.com/perfume/Victoria-s-Secret/Tease-Eau-de-Parfum-2020-64012.html,https://fimgs.net/mdimg/perfume-thumbs/375x500.64012.jpg
Victoria's Secret Tease Flower fe,https://www.fragrantica.com/perfume/Victoria-s-Secret/Tease-Flower-43634.html,https://fimgs.net/mdimg/perfume-thumbs/375x500.43634.jpg
Victoria's Secret Tease Glam fe,https://www.fragrantica.com/perfume/Victoria-s-Secret/Tease-Glam-63625.html,https://fimgs.net/mdimg/perfume-thumbs/375x500.63625.jpg
Victoria's Secret Tease Heartbreaker fe,https://www.fragrantica.com/perfume/Victoria-s-Secret/Tease-Heartbreaker-55996.html,https://fimgs.net/mdimg/perfume-thumbs/375x500.55996.jpg
Victoria's Secret Tease Rebel fe,https://www.fragrantica.com/perfume/Victoria-s-Secret/Tease-Rebel-51311.html,https://fimgs.net/mdimg/perfume-thumbs/375x500.51311.jpg
Victoria's Secret Tease Sugar Fleur fe,https://www.fragrantica.com/perfume/Victoria-s-Secret/Tease-Sugar-Fleur-76967.html,https://fimgs.net/mdimg/perfume-thumbs/375x500.76967.jpg
Victoria's Secret Bare Vanilla Candied fe,https://www.fragrantica.com/perfume/Victoria-s-Secret/Bare-Vanilla-Candied-89298.html,https://fimgs.net/mdimg/perfume-thumbs/375x500.89298.jpg
Victoria's Secret Love Spell Candied fe,https://www.fragrantica.com/perfume/Victoria-s-Secret/Love-Spell-Candied-89296.html,https://fimgs.net/mdimg/perfume-thumbs/375x500.89296.jpg
Victoria's Secret Pure Seduction Candied fe,https://www.fragrantica.com/perfume/Victoria-s-Secret/Pure-Seduction-Candied-89295.html,https://fimgs.net/mdimg/perfume-thumbs/375x500.89295.jpg
Victoria's Secret Velvet Petals Candied fe,https://www.fragrantica.com/perfume/Victoria-s-Secret/Velvet-Petals-Candied-89297.html,https://fimgs.net/mdimg/perfume-thumbs/375x500.89297.jpg
Victoria's Secret Moon Spiced Apple fe,https://www.fragrantica.com/perfume/Victoria-s-Secret/Moon-Spiced-Apple-89309.html,https://fimgs.net/mdimg/perfume-thumbs/375x500.89309.jpg
Victoria's Secret Night Glowing Vanilla fe,https://www.fragrantica.com/perfume/Victoria-s-Secret/Night-Glowing-Vanilla-89310.html,https://fimgs.net/mdimg/perfume-thumbs/375x500.89310.jpg
Victoria's Secret Sky Blooming Fruit fe,https://www.fragrantica.com/perfume/Victoria-s-Secret/Sky-Blooming-Fruit-89307.html,https://fimgs.net/mdimg/perfume-thumbs/375x500.89307.jpg
Victoria's Secret Star Smoked Amber fe,https://www.fragrantica.com/perfume/Victoria-s-Secret/Star-Smoked-Amber-89308.html,https://fimgs.net/mdimg/perfume-thumbs/375x500.89308.jpg
Victoria's Secret Love Spell Golden fe,https://www.fragrantica.com/perfume/Victoria-s-Secret/Love-Spell-Golden-91963.html,https://fimgs.net/mdimg/perfume-thumbs/375x500.91963.jpg
Victoria's Secret Pure Seduction Golden fe,https://www.fragrantica.com/perfume/Victoria-s-Secret/Pure-Seduction-Golden-91961.html,https://fimgs.net/mdimg/perfume-thumbs/375x500.91961.jpg
Victoria's Secret Velvet Petals Golden fe,https://www.fragrantica.com/perfume/Victoria-s-Secret/Velvet-Petals-Golden-91962.html,https://fimgs.net/mdimg/perfume-thumbs/375x500.91962.jpg
Victoria's Secret Love Spell Luxe fe,https://www.fragrantica.com/perfume/Victoria-s-Secret/Love-Spell-Luxe-89300.html,https://fimgs.net/mdimg/perfume-thumbs/375x500.89300.jpg
Victoria's Secret Pure Seduction Luxe fe,https://www.fragrantica.com/perfume/Victoria-s-Secret/Pure-Seduction-Luxe-89299.html,https://fimgs.net/mdimg/perfume-thumbs/375x500.89299.jpg
Victoria's Secret Velvet Petals Luxe fe,https://www.fragrantica.com/perfume/Victoria-s-Secret/Velvet-Petals-Luxe-89302.html,https://fimgs.net/mdimg/perfume-thumbs/375x500.89302.jpg
Victoria's Secret Bare Vanilla Sol,https://www.fragrantica.com/perfume/Victoria-s-Secret/Bare-Vanilla-Sol-97998.html,https://fimgs.net/mdimg/perfume-thumbs/375x500.97998.jpg
Victoria's Secret Love Spell Sol fe,https://www.fragrantica.com/perfume/Victoria-s-Secret/Love-Spell-Sol-98001.html,https://fimgs.net/mdimg/perfume-thumbs/375x500.98001.jpg
Victoria's Secret Pure Seduction Sol fe,https://www.fragrantica.com/perfume/Victoria-s-Secret/Pure-Seduction-Sol-98000.html,https://fimgs.net/mdimg/perfume-thumbs/375x500.98000.jpg
Victoria's Secret Velvet Petals Sol fe,https://www.fragrantica.com/perfume/Victoria-s-Secret/Velvet-Petals-Sol-97999.html,https://fimgs.net/mdimg/perfume-thumbs/375x500.97999.jpg
Victoria's Secret Amber Mandarin fe,https://www.fragrantica.com/perfume/Victoria-s-Secret/Amber-Mandarin-36832.html,https://fimgs.net/mdimg/perfume-thumbs/375x500.36832.jpg
Victoria's Secret Lemon Iris fe,https://www.fragrantica.com/perfume/Victoria-s-Secret/Lemon-Iris-36833.html,https://fimgs.net/mdimg/perfume-thumbs/375x500.36833.jpg
Victoria's Secret Lime Blossom  fe,https://www.fragrantica.com/perfume/Victoria-s-Secret/Lime-Blossom-36831.html,https://fimgs.net/mdimg/perfume-thumbs/375x500.36831.jpg
Victoria's Secret Pink Pummelo fe,https://www.fragrantica.com/perfume/Victoria-s-Secret/Pink-Pummelo-36830.html,https://fimgs.net/mdimg/perfume-thumbs/375x500.36830.jpg
Victoria's Secret Moroccan Coconut Mimosa fe,https://www.fragrantica.com/perfume/Victoria-s-Secret/Moroccan-Coconut-Mimosa-38833.html,https://fimgs.net/mdimg/perfume-thumbs/375x500.38833.jpg
Victoria's Secret Nude Coconut Fig fe,https://www.fragrantica.com/perfume/Victoria-s-Secret/Nude-Coconut-Fig-38831.html,https://fimgs.net/mdimg/perfume-thumbs/375x500.38831.jpg
Victoria's Secret Patchouli Coconut Musk fe,https://www.fragrantica.com/perfume/Victoria-s-Secret/Patchouli-Coconut-Musk-38832.html,https://fimgs.net/mdimg/perfume-thumbs/375x500.38832.jpg
Victoria's Secret Warm Coconut Sugar fe,https://www.fragrantica.com/perfume/Victoria-s-Secret/Warm-Coconut-Sugar-38834.html,https://fimgs.net/mdimg/perfume-thumbs/375x500.38834.jpg
Victoria's Secret Rose Bergamot fe,https://www.fragrantica.com/perfume/Victoria-s-Secret/Rose-Bergamot-37896.html,https://fimgs.net/mdimg/perfume-thumbs/375x500.37896.jpg
Victoria's Secret Rose Caramel fe,https://www.fragrantica.com/perfume/Victoria-s-Secret/Rose-Caramel-37895.html,https://fimgs.net/mdimg/perfume-thumbs/375x500.37895.jpg
Victoria's Secret Rose Musk fe,https://www.fragrantica.com/perfume/Victoria-s-Secret/Rose-Musk-37897.html,https://fimgs.net/mdimg/perfume-thumbs/375x500.37897.jpg
Victoria's Secret Rose Violet fe,https://www.fragrantica.com/perfume/Victoria-s-Secret/Rose-Violet-37901.html,https://fimgs.net/mdimg/perfume-thumbs/375x500.37901.jpg
Victoria's Secret Electric Beach fe,https://www.fragrantica.com/perfume/Victoria-s-Secret/Electric-Beach-90550.html,https://fimgs.net/mdimg/perfume-thumbs/375x500.90550.jpg
Victoria's Secret Island Fling fe,https://www.fragrantica.com/perfume/Victoria-s-Secret/Island-Fling-90552.html,https://fimgs.net/mdimg/perfume-thumbs/375x500.90552.jpg
Victoria's Secret Neon Palms fe,https://www.fragrantica.com/perfume/Victoria-s-Secret/Neon-Palms-90551.html,https://fimgs.net/mdimg/perfume-thumbs/375x500.90551.jpg
Victoria's Secret Tropic Heat,https://www.fragrantica.com/perfume/Victoria-s-Secret/Tropic-Heat-90549.html,https://fimgs.net/mdimg/perfume-thumbs/375x500.90549.jpg
Victoria's Secret Bare Vanilla Untamed fe,https://www.fragrantica.com/perfume/Victoria-s-Secret/Bare-Vanilla-Untamed-70961.html,https://fimgs.net/mdimg/perfume-thumbs/375x500.70961.jpg
Victoria's Secret Love Spell Untamed fe,https://www.fragrantica.com/perfume/Victoria-s-Secret/Love-Spell-Untamed-70960.html,https://fimgs.net/mdimg/perfume-thumbs/375x500.70960.jpg
Victoria's Secret Pure Seduction Untamed fe,https://www.fragrantica.com/perfume/Victoria-s-Secret/Pure-Seduction-Untamed-70958.html,https://fimgs.net/mdimg/perfume-thumbs/375x500.70958.jpg
Victoria's Secret Velvet Petals Untamed fe,https://www.fragrantica.com/perfume/Victoria-s-Secret/Velvet-Petals-Untamed-70959.html,https://fimgs.net/mdimg/perfume-thumbs/375x500.70959.jpg
Victoria's Secret Exotic Lily fe,https://www.fragrantica.com/perfume/Victoria-s-Secret/Exotic-Lily-65621.html,https://fimgs.net/mdimg/perfume-thumbs/375x500.65621.jpg
Victoria's Secret Forbidden Rose fe,https://www.fragrantica.com/perfume/Victoria-s-Secret/Forbidden-Rose-65624.html,https://fimgs.net/mdimg/perfume-thumbs/375x500.65624.jpg
Victoria's Secret Jasmine Allure fe,https://www.fragrantica.com/perfume/Victoria-s-Secret/Jasmine-Allure-65622.html,https://fimgs.net/mdimg/perfume-thumbs/375x500.65622.jpg
Victoria's Secret Lotus Desire fe,https://www.fragrantica.com/perfume/Victoria-s-Secret/Lotus-Desire-65623.html,https://fimgs.net/mdimg/perfume-thumbs/375x500.65623.jpg
Victoria's Secret Very Sexy fe,https://www.fragrantica.com/perfume/Victoria-s-Secret/Very-Sexy-114425.html,https://fimgs.net/mdimg/perfume-thumbs/375x500.114425.jpg
Victoria's Secret Very Sexy (2007) fe,https://www.fragrantica.com/perfume/Victoria-s-Secret/Very-Sexy-2007-1725.html,https://fimgs.net/mdimg/perfume-thumbs/375x500.1725.jpg
Victoria's Secret Very Sexy (2012) fe,https://www.fragrantica.com/perfume/Victoria-s-Secret/Very-Sexy-2012-14634.html,https://fimgs.net/mdimg/perfume-thumbs/375x500.14634.jpg
Victoria's Secret Very Sexy (2018) fe,https://www.fragrantica.com/perfume/Victoria-s-Secret/Very-Sexy-2018-51520.html,https://fimgs.net/mdimg/perfume-thumbs/375x500.51520.jpg
Victoria's Secret Very Sexy Attraction for Her fe,https://www.fragrantica.com/perfume/Victoria-s-Secret/Very-Sexy-Attraction-for-Her-4314.html,https://fimgs.net/mdimg/perfume-thumbs/375x500.4314.jpg
Victoria's Secret Very Sexy Attraction for Him,https://www.fragrantica.com/perfume/Victoria-s-Secret/Very-Sexy-Attraction-for-Him-4313.html,https://fimgs.net/mdimg/perfume-thumbs/375x500.4313.jpg
Victoria's Secret Very Sexy Blush fe,https://www.fragrantica.com/perfume/Victoria-s-Secret/Very-Sexy-Blush-121841.html,https://fimgs.net/mdimg/perfume-thumbs/375x500.121841.jpg
Victoria's Secret Very Sexy Dare fe,https://www.fragrantica.com/perfume/Victoria-s-Secret/Very-Sexy-Dare-4727.html,https://fimgs.net/mdimg/perfume-thumbs/375x500.4727.jpg
Victoria's Secret Very Sexy Eau de Parfum fe,https://www.fragrantica.com/perfume/Victoria-s-Secret/Very-Sexy-Eau-de-Parfum-23316.html,https://fimgs.net/mdimg/perfume-thumbs/375x500.23316.jpg
Victoria's Secret Very Sexy Euphoric fe,https://www.fragrantica.com/perfume/Victoria-s-Secret/Very-Sexy-Euphoric-121842.html,https://fimgs.net/mdimg/perfume-thumbs/375x500.121842.jpg
Victoria's Secret Very Sexy for Her fe,https://www.fragrantica.com/perfume/Victoria-s-Secret/Very-Sexy-for-Her-3287.html,https://fimgs.net/mdimg/perfume-thumbs/375x500.3287.jpg
Victoria's Secret Very Sexy for Her 2 fe,https://www.fragrantica.com/perfume/Victoria-s-Secret/Very-Sexy-for-Her-2-3288.html,https://fimgs.net/mdimg/perfume-thumbs/375x500.3288.jpg
Victoria's Secret Very Sexy for Him,https://www.fragrantica.com/perfume/Victoria-s-Secret/Very-Sexy-for-Him-1989.html,https://fimgs.net/mdimg/perfume-thumbs/375x500.1989.jpg
Victoria's Secret Very Sexy for Him 2,https://www.fragrantica.com/perfume/Victoria-s-Secret/Very-Sexy-for-Him-2-1990.html,https://fimgs.net/mdimg/perfume-thumbs/375x500.1990.jpg
Victoria's Secret Very Sexy Hot fe,https://www.fragrantica.com/perfume/Victoria-s-Secret/Very-Sexy-Hot-1726.html,https://fimgs.net/mdimg/perfume-thumbs/375x500.1726.jpg
Victoria's Secret Very Sexy Italian Mandarin fe,https://www.fragrantica.com/perfume/Victoria-s-Secret/Very-Sexy-Italian-Mandarin-18107.html,https://fimgs.net/mdimg/perfume-thumbs/375x500.18107.jpg
Victoria's Secret Very Sexy Night fe,https://www.fragrantica.com/perfume/Victoria-s-Secret/Very-Sexy-Night-114424.html,https://fimgs.net/mdimg/perfume-thumbs/375x500.114424.jpg
Victoria's Secret Very Sexy Night Eau de Parfum fe,https://www.fragrantica.com/perfume/Victoria-s-Secret/Very-Sexy-Night-Eau-de-Parfum-57375.html,https://fimgs.net/mdimg/perfume-thumbs/375x500.57375.jpg
Victoria's Secret Very Sexy Now 2006 fe,https://www.fragrantica.com/perfume/Victoria-s-Secret/Very-Sexy-Now-2006-1991.html,https://fimgs.net/mdimg/perfume-thumbs/375x500.1991.jpg
Victoria's Secret Very Sexy Now 2007 fe,https://www.fragrantica.com/perfume/Victoria-s-Secret/Very-Sexy-Now-2007-3289.html,https://fimgs.net/mdimg/perfume-thumbs/375x500.3289.jpg
Victoria's Secret Very Sexy Now 2008 fe,https://www.fragrantica.com/perfume/Victoria-s-Secret/Very-Sexy-Now-2008-3106.html,https://fimgs.net/mdimg/perfume-thumbs/375x500.3106.jpg
Victoria's Secret Very Sexy Now 2010 fe,https://www.fragrantica.com/perfume/Victoria-s-Secret/Very-Sexy-Now-2010-7981.html,https://fimgs.net/mdimg/perfume-thumbs/375x500.7981.jpg
Victoria's Secret Very Sexy Now 2010 v.2 fe,https://www.fragrantica.com/perfume/Victoria-s-Secret/Very-Sexy-Now-2010-v-2-10636.html,https://fimgs.net/mdimg/perfume-thumbs/375x500.10636.jpg
Victoria's Secret Very Sexy Now 2011 fe,https://www.fragrantica.com/perfume/Victoria-s-Secret/Very-Sexy-Now-2011-11414.html,https://fimgs.net/mdimg/perfume-thumbs/375x500.11414.jpg
Victoria's Secret Very Sexy Now 2014 fe,https://www.fragrantica.com/perfume/Victoria-s-Secret/Very-Sexy-Now-2014-25269.html,https://fimgs.net/mdimg/perfume-thumbs/375x500.25269.jpg
Victoria's Secret Very Sexy Now 2015 fe,https://www.fragrantica.com/perfume/Victoria-s-Secret/Very-Sexy-Now-2015-29970.html,https://fimgs.net/mdimg/perfume-thumbs/375x500.29970.jpg
Victoria's Secret Very Sexy Now 2016 fe,https://www.fragrantica.com/perfume/Victoria-s-Secret/Very-Sexy-Now-2016-36829.html,https://fimgs.net/mdimg/perfume-thumbs/375x500.36829.jpg
Victoria's Secret Very Sexy Now 2017 fe,https://www.fragrantica.com/perfume/Victoria-s-Secret/Very-Sexy-Now-2017-44116.html,https://fimgs.net/mdimg/perfume-thumbs/375x500.44116.jpg
Victoria's Secret Very Sexy Now Beach fe,https://www.fragrantica.com/perfume/Victoria-s-Secret/Very-Sexy-Now-Beach-49007.html,https://fimgs.net/mdimg/perfume-thumbs/375x500.49007.jpg
Victoria's Secret Very Sexy Now The Beauty of Brazil fe,https://www.fragrantica.com/perfume/Victoria-s-Secret/Very-Sexy-Now-The-Beauty-of-Brazil-5825.html,https://fimgs.net/mdimg/perfume-thumbs/375x500.5825.jpg
Victoria's Secret Very Sexy Now Wild Palm fe,https://www.fragrantica.com/perfume/Victoria-s-Secret/Very-Sexy-Now-Wild-Palm-49008.html,https://fimgs.net/mdimg/perfume-thumbs/375x500.49008.jpg
Victoria's Secret Very Sexy Oasis fe,https://www.fragrantica.com/perfume/Victoria-s-Secret/Very-Sexy-Oasis-72836.html,https://fimgs.net/mdimg/perfume-thumbs/375x500.72836.jpg
Victoria's Secret Very Sexy Orchid fe,https://www.fragrantica.com/perfume/Victoria-s-Secret/Very-Sexy-Orchid-64011.html,https://fimgs.net/mdimg/perfume-thumbs/375x500.64011.jpg
Victoria's Secret Very Sexy Platinum for Him,https://www.fragrantica.com/perfume/Victoria-s-Secret/Very-Sexy-Platinum-for-Him-17450.html,https://fimgs.net/mdimg/perfume-thumbs/375x500.17450.jpg
Victoria's Secret Very Sexy Scarlet fe,https://www.fragrantica.com/perfume/Victoria-s-Secret/Very-Sexy-Scarlet-113751.html,https://fimgs.net/mdimg/perfume-thumbs/375x500.113751.jpg
Victoria's Secret Very Sexy Sea fe,https://www.fragrantica.com/perfume/Victoria-s-Secret/Very-Sexy-Sea-59912.html,https://fimgs.net/mdimg/perfume-thumbs/375x500.59912.jpg
Victoria's Secret Very Sexy Summer fe,https://www.fragrantica.com/perfume/Victoria-s-Secret/Very-Sexy-Summer-12225.html,https://fimgs.net/mdimg/perfume-thumbs/375x500.12225.jpg
Victoria's Secret Very Sexy Temptations for Her fe,https://www.fragrantica.com/perfume/Victoria-s-Secret/Very-Sexy-Temptations-for-Her-17449.html,https://fimgs.net/mdimg/perfume-thumbs/375x500.17449.jpg
Victoria's Secret Very Sexy Touch fe,https://www.fragrantica.com/perfume/Victoria-s-Secret/Very-Sexy-Touch-14635.html,https://fimgs.net/mdimg/perfume-thumbs/375x500.14635.jpg
Victoria's Secret Exotics Moonlit Jasmine fe,https://www.fragrantica.com/perfume/Victoria-s-Secret/Exotics-Moonlit-Jasmine-14367.html,https://fimgs.net/mdimg/perfume-thumbs/375x500.14367.jpg
Victoria's Secret Exotics Seductive Amber fe,https://www.fragrantica.com/perfume/Victoria-s-Secret/Exotics-Seductive-Amber-14366.html,https://fimgs.net/mdimg/perfume-thumbs/375x500.14366.jpg
Victoria's Secret Exotics Tempting Berry fe,https://www.fragrantica.com/perfume/Victoria-s-Secret/Exotics-Tempting-Berry-14368.html,https://fimgs.net/mdimg/perfume-thumbs/375x500.14368.jpg
Victoria's Secret No1 Feathered Musk fe,https://www.fragrantica.com/perfume/Victoria-s-Secret/No1-Feathered-Musk-19029.html,https://fimgs.net/mdimg/perfume-thumbs/375x500.19029.jpg
Victoria's Secret No2 Night Jasmine fe,https://www.fragrantica.com/perfume/Victoria-s-Secret/No2-Night-Jasmine-19030.html,https://fimgs.net/mdimg/perfume-thumbs/375x500.19030.jpg
Victoria's Secret No3 Sheer Amber fe,https://www.fragrantica.com/perfume/Victoria-s-Secret/No3-Sheer-Amber-19031.html,https://fimgs.net/mdimg/perfume-thumbs/375x500.19031.jpg
Victoria's Secret Dream Eau de Toilette fe,https://www.fragrantica.com/perfume/Victoria-s-Secret/Dream-Eau-de-Toilette-32700.html,https://fimgs.net/mdimg/perfume-thumbs/375x500.32700.jpg
Victoria's Secret Love Spell Eau de Toilette fe,https://www.fragrantica.com/perfume/Victoria-s-Secret/Love-Spell-Eau-de-Toilette-32696.html,https://fimgs.net/mdimg/perfume-thumbs/375x500.32696.jpg
Victoria's Secret Passion Struck Eau de Toilette fe,https://www.fragrantica.com/perfume/Victoria-s-Secret/Passion-Struck-Eau-de-Toilette-32698.html,https://fimgs.net/mdimg/perfume-thumbs/375x500.32698.jpg
Victoria's Secret Pure Seduction Eau de Toilette fe,https://www.fragrantica.com/perfume/Victoria-s-Secret/Pure-Seduction-Eau-de-Toilette-32697.html,https://fimgs.net/mdimg/perfume-thumbs/375x500.32697.jpg
Victoria's Secret Sheer Love Eau de Toilette fe,https://www.fragrantica.com/perfume/Victoria-s-Secret/Sheer-Love-Eau-de-Toilette-32699.html,https://fimgs.net/mdimg/perfume-thumbs/375x500.32699.jpg
Victoria's Secret Blooming Citrus,https://www.fragrantica.com/perfume/Victoria-s-Secret/Blooming-Citrus-36836.html,https://fimgs.net/mdimg/perfume-thumbs/375x500.36836.jpg
Victoria's Secret Pure Citrus,https://www.fragrantica.com/perfume/Victoria-s-Secret/Pure-Citrus-36835.html,https://fimgs.net/mdimg/perfume-thumbs/375x500.36835.jpg
Victoria's Secret Tropical Citrus,https://www.fragrantica.com/perfume/Victoria-s-Secret/Tropical-Citrus-36834.html,https://fimgs.net/mdimg/perfume-thumbs/375x500.36834.jpg
Victoria's Secret 24K Blush fe,https://www.fragrantica.com/perfume/Victoria-s-Secret/24K-Blush-75140.html,https://fimgs.net/mdimg/perfume-thumbs/375x500.75140.jpg
Victoria's Secret All A Dream fe,https://www.fragrantica.com/perfume/Victoria-s-Secret/All-A-Dream-76504.html,https://fimgs.net/mdimg/perfume-thumbs/375x500.76504.jpg
Victoria's Secret Back to Pink fe,https://www.fragrantica.com/perfume/Victoria-s-Secret/Back-to-Pink-4215.html,https://fimgs.net/mdimg/perfume-thumbs/375x500.4215.jpg
Victoria's Secret Basic Pumpkin fe,https://www.fragrantica.com/perfume/Victoria-s-Secret/Basic-Pumpkin-81980.html,https://fimgs.net/mdimg/perfume-thumbs/375x500.81980.jpg
Victoria's Secret Beach Flower Pink fe,https://www.fragrantica.com/perfume/Victoria-s-Secret/Beach-Flower-Pink-66971.html,https://fimgs.net/mdimg/perfume-thumbs/375x500.66971.jpg
Victoria's Secret Candy Hearts fe,https://www.fragrantica.com/perfume/Victoria-s-Secret/Candy-Hearts-95221.html,https://fimgs.net/mdimg/perfume-thumbs/375x500.95221.jpg
Victoria's Secret Cedar Woods fe,https://www.fragrantica.com/perfume/Victoria-s-Secret/Cedar-Woods-81983.html,https://fimgs.net/mdimg/perfume-thumbs/375x500.81983.jpg
Victoria's Secret Chai Latte fe,https://www.fragrantica.com/perfume/Victoria-s-Secret/Chai-Latte-93520.html,https://fimgs.net/mdimg/perfume-thumbs/375x500.93520.jpg
Victoria's Secret Coco Chill fe,https://www.fragrantica.com/perfume/Victoria-s-Secret/Coco-Chill-96013.html,https://fimgs.net/mdimg/perfume-thumbs/375x500.96013.jpg
Victoria's Secret Coco Peach fe,https://www.fragrantica.com/perfume/Victoria-s-Secret/Coco-Peach-81987.html,https://fimgs.net/mdimg/perfume-thumbs/375x500.81987.jpg
Victoria's Secret Cocoa Vanilla fe,https://www.fragrantica.com/perfume/Victoria-s-Secret/Cocoa-Vanilla-110933.html,https://fimgs.net/mdimg/perfume-thumbs/375x500.110933.jpg
Victoria's Secret Coconut Coast fe,https://www.fragrantica.com/perfume/Victoria-s-Secret/Coconut-Coast-95228.html,https://fimgs.net/mdimg/perfume-thumbs/375x500.95228.jpg
Victoria's Secret Coconut Sun fe,https://www.fragrantica.com/perfume/Victoria-s-Secret/Coconut-Sun-81944.html,https://fimgs.net/mdimg/perfume-thumbs/375x500.81944.jpg
Victoria's Secret Cool & Bright Glow fe,https://www.fragrantica.com/perfume/Victoria-s-Secret/Cool-Bright-Glow-81952.html,https://fimgs.net/mdimg/perfume-thumbs/375x500.81952.jpg
Victoria's Secret Cotton Candy,https://www.fragrantica.com/perfume/Victoria-s-Secret/Cotton-Candy-94346.html,https://fimgs.net/mdimg/perfume-thumbs/375x500.94346.jpg
Victoria's Secret Cozy Sugar fe,https://www.fragrantica.com/perfume/Victoria-s-Secret/Cozy-Sugar-75224.html,https://fimgs.net/mdimg/perfume-thumbs/375x500.75224.jpg
Victoria's Secret Fresh & Clean Glow fe,https://www.fragrantica.com/perfume/Victoria-s-Secret/Fresh-Clean-Glow-81951.html,https://fimgs.net/mdimg/perfume-thumbs/375x500.81951.jpg
Victoria's Secret Fresh & Clean Vacay fe,https://www.fragrantica.com/perfume/Victoria-s-Secret/Fresh-Clean-Vacay-43283.html,https://fimgs.net/mdimg/perfume-thumbs/375x500.43283.jpg
Victoria's Secret Fresh Vanilla fe,https://www.fragrantica.com/perfume/Victoria-s-Secret/Fresh-Vanilla-92185.html,https://fimgs.net/mdimg/perfume-thumbs/375x500.92185.jpg
Victoria's Secret Give a Little Pink fe,https://www.fragrantica.com/perfume/Victoria-s-Secret/Give-a-Little-Pink-13688.html,https://fimgs.net/mdimg/perfume-thumbs/375x500.13688.jpg
Victoria's Secret Golden Honey fe,https://www.fragrantica.com/perfume/Victoria-s-Secret/Golden-Honey-75223.html,https://fimgs.net/mdimg/perfume-thumbs/375x500.75223.jpg
Victoria's Secret Happy Moodscentz fe,https://www.fragrantica.com/perfume/Victoria-s-Secret/Happy-Moodscentz-81950.html,https://fimgs.net/mdimg/perfume-thumbs/375x500.81950.jpg
Victoria's Secret Invigorate Moodscentz fe,https://www.fragrantica.com/perfume/Victoria-s-Secret/Invigorate-Moodscentz-81949.html,https://fimgs.net/mdimg/perfume-thumbs/375x500.81949.jpg
Victoria's Secret Isle of Pink fe,https://www.fragrantica.com/perfume/Victoria-s-Secret/Isle-of-Pink-3063.html,https://fimgs.net/mdimg/perfume-thumbs/375x500.3063.jpg
Victoria's Secret Isle of Pink Shimmering Fragrance Mist fe,https://www.fragrantica.com/perfume/Victoria-s-Secret/Isle-of-Pink-Shimmering-Fragrance-Mist-3064.html,https://fimgs.net/mdimg/perfume-thumbs/375x500.3064.jpg
Victoria's Secret Love Pink fe,https://www.fragrantica.com/perfume/Victoria-s-Secret/Love-Pink-22026.html,https://fimgs.net/mdimg/perfume-thumbs/375x500.22026.jpg
Victoria's Secret Merry Merry Pink fe,https://www.fragrantica.com/perfume/Victoria-s-Secret/Merry-Merry-Pink-13690.html,https://fimgs.net/mdimg/perfume-thumbs/375x500.13690.jpg
Victoria's Secret Merry Mocha,https://www.fragrantica.com/perfume/Victoria-s-Secret/Merry-Mocha-97994.html,https://fimgs.net/mdimg/perfume-thumbs/375x500.97994.jpg
Victoria's Secret More PINK Please fe,https://www.fragrantica.com/perfume/Victoria-s-Secret/More-PINK-Please-2352.html,https://fimgs.net/mdimg/perfume-thumbs/375x500.2352.jpg
Victoria's Secret Oh What Fun is Pink fe,https://www.fragrantica.com/perfume/Victoria-s-Secret/Oh-What-Fun-is-Pink-13689.html,https://fimgs.net/mdimg/perfume-thumbs/375x500.13689.jpg
Victoria's Secret Orange Meadow fe,https://www.fragrantica.com/perfume/Victoria-s-Secret/Orange-Meadow-81981.html,https://fimgs.net/mdimg/perfume-thumbs/375x500.81981.jpg
Victoria's Secret Peach Swirl fe,https://www.fragrantica.com/perfume/Victoria-s-Secret/Peach-Swirl-94347.html,https://fimgs.net/mdimg/perfume-thumbs/375x500.94347.jpg
Victoria's Secret Petal Gloss fe,https://www.fragrantica.com/perfume/Victoria-s-Secret/Petal-Gloss-95220.html,https://fimgs.net/mdimg/perfume-thumbs/375x500.95220.jpg
Victoria's Secret Pineapple Slice fe,https://www.fragrantica.com/perfume/Victoria-s-Secret/Pineapple-Slice-75225.html,https://fimgs.net/mdimg/perfume-thumbs/375x500.75225.jpg
Victoria's Secret Pink 2001 fe,https://www.fragrantica.com/perfume/Victoria-s-Secret/Pink-2001-3280.html,https://fimgs.net/mdimg/perfume-thumbs/375x500.3280.jpg
Victoria's Secret Pink 2013 fe,https://www.fragrantica.com/perfume/Victoria-s-Secret/Pink-2013-22024.html,https://fimgs.net/mdimg/perfume-thumbs/375x500.22024.jpg
Victoria's Secret Pink All My Heart fe,https://www.fragrantica.com/perfume/Victoria-s-Secret/Pink-All-My-Heart-11245.html,https://fimgs.net/mdimg/perfume-thumbs/375x500.11245.jpg
Victoria's Secret Pink Beach fe,https://www.fragrantica.com/perfume/Victoria-s-Secret/Pink-Beach-1993.html,https://fimgs.net/mdimg/perfume-thumbs/375x500.1993.jpg
Victoria's Secret Pink by Pink fe,https://www.fragrantica.com/perfume/Victoria-s-Secret/Pink-by-Pink-88918.html,https://fimgs.net/mdimg/perfume-thumbs/375x500.88918.jpg
Victoria's Secret Pink Cool & Bright fe,https://www.fragrantica.com/perfume/Victoria-s-Secret/Pink-Cool-Bright-70483.html,https://fimgs.net/mdimg/perfume-thumbs/375x500.70483.jpg
Victoria's Secret Pink Fresh & Clean Chilled fe,https://www.fragrantica.com/perfume/Victoria-s-Secret/Pink-Fresh-Clean-Chilled-70485.html,https://fimgs.net/mdimg/perfume-thumbs/375x500.70485.jpg
Victoria's Secret Pink Just Peachy fe,https://www.fragrantica.com/perfume/Victoria-s-Secret/Pink-Just-Peachy-70482.html,https://fimgs.net/mdimg/perfume-thumbs/375x500.70482.jpg
Victoria's Secret Pink Lemonade fe,https://www.fragrantica.com/perfume/Victoria-s-Secret/Pink-Lemonade-70481.html,https://fimgs.net/mdimg/perfume-thumbs/375x500.70481.jpg
Victoria's Secret Pink Macaron fe,https://www.fragrantica.com/perfume/Victoria-s-Secret/Pink-Macaron-81979.html,https://fimgs.net/mdimg/perfume-thumbs/375x500.81979.jpg
Victoria's Secret Pink Pink Blooms fe,https://www.fragrantica.com/perfume/Victoria-s-Secret/Pink-Pink-Blooms-70484.html,https://fimgs.net/mdimg/perfume-thumbs/375x500.70484.jpg
Victoria's Secret Pink Sweet Squeeze fe,https://www.fragrantica.com/perfume/Victoria-s-Secret/Pink-Sweet-Squeeze-70480.html,https://fimgs.net/mdimg/perfume-thumbs/375x500.70480.jpg
Victoria's Secret Pink Vacay fe,https://www.fragrantica.com/perfume/Victoria-s-Secret/Pink-Vacay-23632.html,https://fimgs.net/mdimg/perfume-thumbs/375x500.23632.jpg
Victoria's Secret Pink Vanilla Crush fe,https://www.fragrantica.com/perfume/Victoria-s-Secret/Pink-Vanilla-Crush-95219.html,https://fimgs.net/mdimg/perfume-thumbs/375x500.95219.jpg
Victoria's Secret Relax Moodscentz fe,https://www.fragrantica.com/perfume/Victoria-s-Secret/Relax-Moodscentz-81947.html,https://fimgs.net/mdimg/perfume-thumbs/375x500.81947.jpg
Victoria's Secret Rocket Pop fe,https://www.fragrantica.com/perfume/Victoria-s-Secret/Rocket-Pop-94348.html,https://fimgs.net/mdimg/perfume-thumbs/375x500.94348.jpg
Victoria's Secret Soft & Dreamy Glow fe,https://www.fragrantica.com/perfume/Victoria-s-Secret/Soft-Dreamy-Glow-81953.html,https://fimgs.net/mdimg/perfume-thumbs/375x500.81953.jpg
Victoria's Secret Sparkling Surf fe,https://www.fragrantica.com/perfume/Victoria-s-Secret/Sparkling-Surf-81946.html,https://fimgs.net/mdimg/perfume-thumbs/375x500.81946.jpg
Victoria's Secret Sugar Berry fe,https://www.fragrantica.com/perfume/Victoria-s-Secret/Sugar-Berry-110932.html,https://fimgs.net/mdimg/perfume-thumbs/375x500.110932.jpg
Victoria's Secret Sunset Gelato fe,https://www.fragrantica.com/perfume/Victoria-s-Secret/Sunset-Gelato-90608.html,https://fimgs.net/mdimg/perfume-thumbs/375x500.90608.jpg
Victoria's Secret Sweet & Flirty Vacay fe,https://www.fragrantica.com/perfume/Victoria-s-Secret/Sweet-Flirty-Vacay-43281.html,https://fimgs.net/mdimg/perfume-thumbs/375x500.43281.jpg
Victoria's Secret Tropic Vanilla fe,https://www.fragrantica.com/perfume/Victoria-s-Secret/Tropic-Vanilla-81945.html,https://fimgs.net/mdimg/perfume-thumbs/375x500.81945.jpg
Victoria's Secret Tropical Nectar fe,https://www.fragrantica.com/perfume/Victoria-s-Secret/Tropical-Nectar-95227.html,https://fimgs.net/mdimg/perfume-thumbs/375x500.95227.jpg
Victoria's Secret Vanilla & Dreamy,https://www.fragrantica.com/perfume/Victoria-s-Secret/Vanilla-Dreamy-95225.html,https://fimgs.net/mdimg/perfume-thumbs/375x500.95225.jpg
Victoria's Secret Vanilla Clouds fe,https://www.fragrantica.com/perfume/Victoria-s-Secret/Vanilla-Clouds-81982.html,https://fimgs.net/mdimg/perfume-thumbs/375x500.81982.jpg
Victoria's Secret Victoria's Secret Pink Fresh & Clean fe,https://www.fragrantica.com/perfume/Victoria-s-Secret/Victoria-s-Secret-Pink-Fresh-Clean-11728.html,https://fimgs.net/mdimg/perfume-thumbs/375x500.11728.jpg
Victoria's Secret Victoria's Secret Pink Pretty & Pure fe,https://www.fragrantica.com/perfume/Victoria-s-Secret/Victoria-s-Secret-Pink-Pretty-Pure-11730.html,https://fimgs.net/mdimg/perfume-thumbs/375x500.11730.jpg
Victoria's Secret Victoria's Secret Pink Soft & Dreamy fe,https://www.fragrantica.com/perfume/Victoria-s-Secret/Victoria-s-Secret-Pink-Soft-Dreamy-11731.html,https://fimgs.net/mdimg/perfume-thumbs/375x500.11731.jpg
Victoria's Secret Victoria's Secret Pink Sweet & Flirty fe,https://www.fragrantica.com/perfume/Victoria-s-Secret/Victoria-s-Secret-Pink-Sweet-Flirty-11729.html,https://fimgs.net/mdimg/perfume-thumbs/375x500.11729.jpg
Victoria's Secret Victoria's Secret Pink Warm & Cozy fe,https://www.fragrantica.com/perfume/Victoria-s-Secret/Victoria-s-Secret-Pink-Warm-Cozy-20400.html,https://fimgs.net/mdimg/perfume-thumbs/375x500.20400.jpg
Victoria's Secret Warm & Cozy Vacay fe,https://www.fragrantica.com/perfume/Victoria-s-Secret/Warm-Cozy-Vacay-43282.html,https://fimgs.net/mdimg/perfume-thumbs/375x500.43282.jpg
Victoria's Secret Warm Cookie fe,https://www.fragrantica.com/perfume/Victoria-s-Secret/Warm-Cookie-110931.html,https://fimgs.net/mdimg/perfume-thumbs/375x500.110931.jpg
Victoria's Secret Whipped Dream fe,https://www.fragrantica.com/perfume/Victoria-s-Secret/Whipped-Dream-72725.html,https://fimgs.net/mdimg/perfume-thumbs/375x500.72725.jpg
Victoria's Secret Wild Pink fe,https://www.fragrantica.com/perfume/Victoria-s-Secret/Wild-Pink-26620.html,https://fimgs.net/mdimg/perfume-thumbs/375x500.26620.jpg
Victoria's Secret Pink Air fe,https://www.fragrantica.com/perfume/Victoria-s-Secret/Pink-Air-65556.html,https://fimgs.net/mdimg/perfume-thumbs/375x500.65556.jpg
Victoria's Secret Pink Earth fe,https://www.fragrantica.com/perfume/Victoria-s-Secret/Pink-Earth-65558.html,https://fimgs.net/mdimg/perfume-thumbs/375x500.65558.jpg
Victoria's Secret Pink Fire fe,https://www.fragrantica.com/perfume/Victoria-s-Secret/Pink-Fire-65557.html,https://fimgs.net/mdimg/perfume-thumbs/375x500.65557.jpg
Victoria's Secret Pink Water fe,https://www.fragrantica.com/perfume/Victoria-s-Secret/Pink-Water-65559.html,https://fimgs.net/mdimg/perfume-thumbs/375x500.65559.jpg
Victoria's Secret Seduction Dark Orchid fe,https://www.fragrantica.com/perfume/Victoria-s-Secret/Seduction-Dark-Orchid-16663.html,https://fimgs.net/mdimg/perfume-thumbs/375x500.16663.jpg
Victoria's Secret Bombshell Temptation fe,https://www.fragrantica.com/perfume/Victoria-s-Secret/Bombshell-Temptation-13260.html,https://fimgs.net/mdimg/perfume-thumbs/375x500.13260.jpg
Victoria's Secret Dream Angels Heavenly Temptation fe,https://www.fragrantica.com/perfume/Victoria-s-Secret/Dream-Angels-Heavenly-Temptation-13259.html,https://fimgs.net/mdimg/perfume-thumbs/375x500.13259.jpg
Victoria's Secret Sexy Little Things Noir Tease Temptation fe,https://www.fragrantica.com/perfume/Victoria-s-Secret/Sexy-Little-Things-Noir-Tease-Temptation-13261.html,https://fimgs.net/mdimg/perfume-thumbs/375x500.13261.jpg
Victoria's Secret Very Sexy Temptation fe,https://www.fragrantica.com/perfume/Victoria-s-Secret/Very-Sexy-Temptation-13262.html,https://fimgs.net/mdimg/perfume-thumbs/375x500.13262.jpg
Victoria's Secret Amber Romance female,https://www.fragrantica.com/perfume/Victoria-s-Secret/Amber-Romance-7990.html,https://fimgs.net/mdimg/perfume-thumbs/375x500.7990.jpg
Victoria's Secret Be Seduced fe,https://www.fragrantica.com/perfume/Victoria-s-Secret/Be-Seduced-14365.html,https://fimgs.net/mdimg/perfume-thumbs/375x500.14365.jpg
Victoria's Secret Berry Kiss fe,https://www.fragrantica.com/perfume/Victoria-s-Secret/Berry-Kiss-7997.html,https://fimgs.net/mdimg/perfume-thumbs/375x500.7997.jpg
Victoria's Secret Coconut Passion female,https://www.fragrantica.com/perfume/Victoria-s-Secret/Coconut-Passion-7993.html,https://fimgs.net/mdimg/perfume-thumbs/375x500.7993.jpg
Victoria's Secret Delicate Petals female,https://www.fragrantica.com/perfume/Victoria-s-Secret/Delicate-Petals-7996.html,https://fimgs.net/mdimg/perfume-thumbs/375x500.7996.jpg
Victoria's Secret Enchanted Apple female,https://www.fragrantica.com/perfume/Victoria-s-Secret/Enchanted-Apple-7992.html,https://fimgs.net/mdimg/perfume-thumbs/375x500.7992.jpg
Victoria's Secret Hello Darling fe,https://www.fragrantica.com/perfume/Victoria-s-Secret/Hello-Darling-33497.html,https://fimgs.net/mdimg/perfume-thumbs/375x500.33497.jpg
Victoria's Secret Lost in Fantasy fe,https://www.fragrantica.com/perfume/Victoria-s-Secret/Lost-in-Fantasy-9847.html,https://fimgs.net/mdimg/perfume-thumbs/375x500.9847.jpg
Victoria's Secret Love Spell fe,https://www.fragrantica.com/perfume/Victoria-s-Secret/Love-Spell-7988.html,https://fimgs.net/mdimg/perfume-thumbs/375x500.7988.jpg
Victoria's Secret Luscious Kisses fe,https://www.fragrantica.com/perfume/Victoria-s-Secret/Luscious-Kisses-9848.html,https://fimgs.net/mdimg/perfume-thumbs/375x500.9848.jpg
Victoria's Secret Passion Struck fe,https://www.fragrantica.com/perfume/Victoria-s-Secret/Passion-Struck-25302.html,https://fimgs.net/mdimg/perfume-thumbs/375x500.25302.jpg
Victoria's Secret Pear Glace fe,https://www.fragrantica.com/perfume/Victoria-s-Secret/Pear-Glace-7999.html,https://fimgs.net/mdimg/perfume-thumbs/375x500.7999.jpg
Victoria's Secret Pretty in Pink female,https://www.fragrantica.com/perfume/Victoria-s-Secret/Pretty-in-Pink-7994.html,https://fimgs.net/mdimg/perfume-thumbs/375x500.7994.jpg
Victoria's Secret Pure Daydream fe,https://www.fragrantica.com/perfume/Victoria-s-Secret/Pure-Daydream-25300.html,https://fimgs.net/mdimg/perfume-thumbs/375x500.25300.jpg
Victoria's Secret Pure Seduction female,https://www.fragrantica.com/perfume/Victoria-s-Secret/Pure-Seduction-7989.html,https://fimgs.net/mdimg/perfume-thumbs/375x500.7989.jpg
Victoria's Secret Ravishing Love female,https://www.fragrantica.com/perfume/Victoria-s-Secret/Ravishing-Love-13035.html,https://fimgs.net/mdimg/perfume-thumbs/375x500.13035.jpg
Victoria's Secret Romantic Wish fe,https://www.fragrantica.com/perfume/Victoria-s-Secret/Romantic-Wish-33498.html,https://fimgs.net/mdimg/perfume-thumbs/375x500.33498.jpg
Victoria's Secret Secret Charm female,https://www.fragrantica.com/perfume/Victoria-s-Secret/Secret-Charm-7991.html,https://fimgs.net/mdimg/perfume-thumbs/375x500.7991.jpg
Victoria's Secret Secret Craving fe,https://www.fragrantica.com/perfume/Victoria-s-Secret/Secret-Craving-14359.html,https://fimgs.net/mdimg/perfume-thumbs/375x500.14359.jpg
Victoria's Secret Secret Crush female,https://www.fragrantica.com/perfume/Victoria-s-Secret/Secret-Crush-7995.html,https://fimgs.net/mdimg/perfume-thumbs/375x500.7995.jpg
Victoria's Secret Sheer Love female,https://www.fragrantica.com/perfume/Victoria-s-Secret/Sheer-Love-13032.html,https://fimgs.net/mdimg/perfume-thumbs/375x500.13032.jpg
Victoria's Secret Simply Breathless fe,https://www.fragrantica.com/perfume/Victoria-s-Secret/Simply-Breathless-33496.html,https://fimgs.net/mdimg/perfume-thumbs/375x500.33496.jpg
Victoria's Secret Strawberries and Champagne fe,https://www.fragrantica.com/perfume/Victoria-s-Secret/Strawberries-and-Champagne-8000.html,https://fimgs.net/mdimg/perfume-thumbs/375x500.8000.jpg
Victoria's Secret Such A Flirt fe,https://www.fragrantica.com/perfume/Victoria-s-Secret/Such-A-Flirt-25301.html,https://fimgs.net/mdimg/perfume-thumbs/375x500.25301.jpg
Victoria's Secret Sweet Daydream female,https://www.fragrantica.com/perfume/Victoria-s-Secret/Sweet-Daydream-7998.html,https://fimgs.net/mdimg/perfume-thumbs/375x500.7998.jpg
Victoria's Secret Sweet Temptation fe,https://www.fragrantica.com/perfume/Victoria-s-Secret/Sweet-Temptation-9320.html,https://fimgs.net/mdimg/perfume-thumbs/375x500.9320.jpg
Victoria's Secret Total Attraction fe,https://www.fragrantica.com/perfume/Victoria-s-Secret/Total-Attraction-29271.html,https://fimgs.net/mdimg/perfume-thumbs/375x500.29271.jpg
Victoria's Secret Vanilla Lace fe,https://www.fragrantica.com/perfume/Victoria-s-Secret/Vanilla-Lace-13033.html,https://fimgs.net/mdimg/perfume-thumbs/375x500.13033.jpg
Victoria's Secret Wild Scarlet female,https://www.fragrantica.com/perfume/Victoria-s-Secret/Wild-Scarlet-13034.html,https://fimgs.net/mdimg/perfume-thumbs/375x500.13034.jpg
Victoria's Secret Crystal Kiss fe,https://www.fragrantica.com/perfume/Victoria-s-Secret/Crystal-Kiss-17062.html,https://fimgs.net/mdimg/perfume-thumbs/375x500.17062.jpg
Victoria's Secret Frosted Bloom fe,https://www.fragrantica.com/perfume/Victoria-s-Secret/Frosted-Bloom-17063.html,https://fimgs.net/mdimg/perfume-thumbs/375x500.17063.jpg
Victoria's Secret Starlit Wish fe,https://www.fragrantica.com/perfume/Victoria-s-Secret/Starlit-Wish-17064.html,https://fimgs.net/mdimg/perfume-thumbs/375x500.17064.jpg
Victoria's Secret VS Him Deepwater,https://www.fragrantica.com/perfume/Victoria-s-Secret/VS-Him-Deepwater-67840.html,https://fimgs.net/mdimg/perfume-thumbs/375x500.67840.jpg
Victoria's Secret VS Him Platinum,https://www.fragrantica.com/perfume/Victoria-s-Secret/VS-Him-Platinum-67839.html,https://fimgs.net/mdimg/perfume-thumbs/375x500.67839.jpg
Victoria's Secret Desert Lily fe,https://www.fragrantica.com/perfume/Victoria-s-Secret/Desert-Lily-70515.html,https://fimgs.net/mdimg/perfume-thumbs/375x500.70515.jpg
Victoria's Secret Passion Flowers fe,https://www.fragrantica.com/perfume/Victoria-s-Secret/Passion-Flowers-70514.html,https://fimgs.net/mdimg/perfume-thumbs/375x500.70514.jpg
Victoria's Secret Spring Poppies fe,https://www.fragrantica.com/perfume/Victoria-s-Secret/Spring-Poppies-70513.html,https://fimgs.net/mdimg/perfume-thumbs/375x500.70513.jpg
Victoria's Secret Wild Primrose fe,https://www.fragrantica.com/perfume/Victoria-s-Secret/Wild-Primrose-70516.html,https://fimgs.net/mdimg/perfume-thumbs/375x500.70516.jpg
Victoria's Secret Fresh Snowfall fe,https://www.fragrantica.com/perfume/Victoria-s-Secret/Fresh-Snowfall-65021.html,https://fimgs.net/mdimg/perfume-thumbs/375x500.65021.jpg
Victoria's Secret Moonlight Frost fe,https://www.fragrantica.com/perfume/Victoria-s-Secret/Moonlight-Frost-65024.html,https://fimgs.net/mdimg/perfume-thumbs/375x500.65024.jpg
Victoria's Secret Winter Sky fe,https://www.fragrantica.com/perfume/Victoria-s-Secret/Winter-Sky-65023.html,https://fimgs.net/mdimg/perfume-thumbs/375x500.65023.jpg
Victoria's Secret Wonderland Woods fe,https://www.fragrantica.com/perfume/Victoria-s-Secret/Wonderland-Woods-65025.html,https://fimgs.net/mdimg/perfume-thumbs/375x500.65025.jpg
Victoria's Secret Diamond Petals fe,https://www.fragrantica.com/perfume/Victoria-s-Secret/Diamond-Petals-70517.html,https://fimgs.net/mdimg/perfume-thumbs/375x500.70517.jpg
Victoria's Secret Emerald Crush fe,https://www.fragrantica.com/perfume/Victoria-s-Secret/Emerald-Crush-70518.html,https://fimgs.net/mdimg/perfume-thumbs/375x500.70518.jpg
Victoria's Secret Gold Struck fe,https://www.fragrantica.com/perfume/Victoria-s-Secret/Gold-Struck-70520.html,https://fimgs.net/mdimg/perfume-thumbs/375x500.70520.jpg
Victoria's Secret Platinum Ice fe,https://www.fragrantica.com/perfume/Victoria-s-Secret/Platinum-Ice-70521.html,https://fimgs.net/mdimg/perfume-thumbs/375x500.70521.jpg
Victoria's Secret Enchanted Lily fe,https://www.fragrantica.com/perfume/Victoria-s-Secret/Enchanted-Lily-90555.html,https://fimgs.net/mdimg/perfume-thumbs/375x500.90555.jpg
Victoria's Secret Exotic Woods fe,https://www.fragrantica.com/perfume/Victoria-s-Secret/Exotic-Woods-90556.html,https://fimgs.net/mdimg/perfume-thumbs/375x500.90556.jpg
Victoria's Secret Forbidden Berries fe,https://www.fragrantica.com/perfume/Victoria-s-Secret/Forbidden-Berries-90557.html,https://fimgs.net/mdimg/perfume-thumbs/375x500.90557.jpg
Victoria's Secret Golden Pear fe,https://www.fragrantica.com/perfume/Victoria-s-Secret/Golden-Pear-90558.html,https://fimgs.net/mdimg/perfume-thumbs/375x500.90558.jpg
Victoria's Secret Jasmine Dream fe,https://www.fragrantica.com/perfume/Victoria-s-Secret/Jasmine-Dream-90559.html,https://fimgs.net/mdimg/perfume-thumbs/375x500.90559.jpg
Victoria's Secret Midnight Petals fe,https://www.fragrantica.com/perfume/Victoria-s-Secret/Midnight-Petals-90560.html,https://fimgs.net/mdimg/perfume-thumbs/375x500.90560.jpg
Victoria's Secret Encounter fe,https://www.fragrantica.com/perfume/Victoria-s-Secret/Encounter-106743.html,https://fimgs.net/mdimg/perfume-thumbs/375x500.106743.jpg
Victoria's Secret Blossoming Romance fe,https://www.fragrantica.com/perfume/Victoria-s-Secret/Blossoming-Romance-60667.html,https://fimgs.net/mdimg/perfume-thumbs/375x500.60667.jpg
Victoria's Secret Endless Love female,https://www.fragrantica.com/perfume/Victoria-s-Secret/Endless-Love-9964.html,https://fimgs.net/mdimg/perfume-thumbs/375x500.9964.jpg
